"Exp","Spec","Rep","BlockSize","T","Evidence","Phi","Misassigned","PhiHatUnitGraph","PhiHatBlockGraph","WithinBlockNeighbourShare"
"S3","dynamic",1,1,1,1,0,0.413333333333333,0.672134345354603,0.672134345354603,0
"S3","dynamic",1,1,1,1,0.5,0.06,0.672134345354603,0.672134345354603,0
"S3","dynamic",1,1,1,1,1,0.0666666666666667,0.672134345354603,0.672134345354603,0
"S3","dynamic",1,1,1,1,2,0.0733333333333333,0.672134345354603,0.672134345354603,0
"S3","dynamic",1,1,2,2,0,0.353333333333333,0.672134345354603,0.672134345354603,0
"S3","dynamic",1,1,2,2,0.5,0.06,0.672134345354603,0.672134345354603,0
"S3","dynamic",1,1,2,2,1,0.0533333333333333,0.672134345354603,0.672134345354603,0
"S3","dynamic",1,1,2,2,2,0.0666666666666667,0.672134345354603,0.672134345354603,0
"S3","dynamic",1,1,4,4,0,0.193333333333333,0.672134345354603,0.672134345354603,0
"S3","dynamic",1,1,4,4,0.5,0.0333333333333333,0.672134345354603,0.672134345354603,0
"S3","dynamic",1,1,4,4,1,0.0333333333333333,0.672134345354603,0.672134345354603,0
"S3","dynamic",1,1,4,4,2,0.0533333333333333,0.672134345354603,0.672134345354603,0
"S3","dynamic",1,1,8,8,0,0.106666666666667,0.672134345354603,0.672134345354603,0
"S3","dynamic",1,1,8,8,0.5,0.02,0.672134345354603,0.672134345354603,0
"S3","dynamic",1,1,8,8,1,0.02,0.672134345354603,0.672134345354603,0
"S3","dynamic",1,1,8,8,2,0.04,0.672134345354603,0.672134345354603,0
"S3","dynamic",1,1,12,12,0,0.06,0.672134345354603,0.672134345354603,0
"S3","dynamic",1,1,12,12,0.5,0.02,0.672134345354603,0.672134345354603,0
"S3","dynamic",1,1,12,12,1,0.0133333333333333,0.672134345354603,0.672134345354603,0
"S3","dynamic",1,1,12,12,2,0.0266666666666667,0.672134345354603,0.672134345354603,0
"S3","dynamic",1,1,24,24,0,0,0.672134345354603,0.672134345354603,0
"S3","dynamic",1,1,24,24,0.5,0,0.672134345354603,0.672134345354603,0
"S3","dynamic",1,1,24,24,1,0,0.672134345354603,0.672134345354603,0
"S3","dynamic",1,1,24,24,2,0,0.672134345354603,0.672134345354603,0
"S3","dynamic",1,9,1,9,0,0.02,0.778791100621041,0.727371528061231,0.84979739523367
"S3","dynamic",1,9,1,9,0.5,0,0.778791100621041,0.727371528061231,0.84979739523367
"S3","dynamic",1,9,1,9,1,0,0.778791100621041,0.727371528061231,0.84979739523367
"S3","dynamic",1,9,1,9,2,0.0133333333333333,0.778791100621041,0.727371528061231,0.84979739523367
"S3","dynamic",1,9,2,18,0,0,0.778791100621041,0.727371528061231,0.84979739523367
"S3","dynamic",1,9,2,18,0.5,0,0.778791100621041,0.727371528061231,0.84979739523367
"S3","dynamic",1,9,2,18,1,0,0.778791100621041,0.727371528061231,0.84979739523367
"S3","dynamic",1,9,2,18,2,0,0.778791100621041,0.727371528061231,0.84979739523367
"S3","dynamic",1,9,4,36,0,0,0.778791100621041,0.727371528061231,0.84979739523367
"S3","dynamic",1,9,4,36,0.5,0,0.778791100621041,0.727371528061231,0.84979739523367
"S3","dynamic",1,9,4,36,1,0,0.778791100621041,0.727371528061231,0.84979739523367
"S3","dynamic",1,9,4,36,2,0,0.778791100621041,0.727371528061231,0.84979739523367
"S3","dynamic",1,9,8,72,0,0,0.778791100621041,0.727371528061231,0.84979739523367
"S3","dynamic",1,9,8,72,0.5,0,0.778791100621041,0.727371528061231,0.84979739523367
"S3","dynamic",1,9,8,72,1,0,0.778791100621041,0.727371528061231,0.84979739523367
"S3","dynamic",1,9,8,72,2,0,0.778791100621041,0.727371528061231,0.84979739523367
"S3","dynamic",1,9,12,108,0,0,0.778791100621041,0.727371528061231,0.84979739523367
"S3","dynamic",1,9,12,108,0.5,0,0.778791100621041,0.727371528061231,0.84979739523367
"S3","dynamic",1,9,12,108,1,0,0.778791100621041,0.727371528061231,0.84979739523367
"S3","dynamic",1,9,12,108,2,0,0.778791100621041,0.727371528061231,0.84979739523367
"S3","dynamic",1,9,24,216,0,0,0.778791100621041,0.727371528061231,0.84979739523367
"S3","dynamic",1,9,24,216,0.5,0,0.778791100621041,0.727371528061231,0.84979739523367
"S3","dynamic",1,9,24,216,1,0,0.778791100621041,0.727371528061231,0.84979739523367
"S3","dynamic",1,9,24,216,2,0,0.778791100621041,0.727371528061231,0.84979739523367
"S3","dynamic",2,1,1,1,0,0.4,0.633659184424099,0.633659184424099,0
"S3","dynamic",2,1,1,1,0.5,0.0866666666666667,0.633659184424099,0.633659184424099,0
"S3","dynamic",2,1,1,1,1,0.0933333333333333,0.633659184424099,0.633659184424099,0
"S3","dynamic",2,1,1,1,2,0.0866666666666667,0.633659184424099,0.633659184424099,0
"S3","dynamic",2,1,2,2,0,0.293333333333333,0.633659184424099,0.633659184424099,0
"S3","dynamic",2,1,2,2,0.5,0.0666666666666667,0.633659184424099,0.633659184424099,0
"S3","dynamic",2,1,2,2,1,0.0733333333333333,0.633659184424099,0.633659184424099,0
"S3","dynamic",2,1,2,2,2,0.08,0.633659184424099,0.633659184424099,0
"S3","dynamic",2,1,4,4,0,0.12,0.633659184424099,0.633659184424099,0
"S3","dynamic",2,1,4,4,0.5,0.0266666666666667,0.633659184424099,0.633659184424099,0
"S3","dynamic",2,1,4,4,1,0.0333333333333333,0.633659184424099,0.633659184424099,0
"S3","dynamic",2,1,4,4,2,0.0466666666666667,0.633659184424099,0.633659184424099,0
"S3","dynamic",2,1,8,8,0,0.0333333333333333,0.633659184424099,0.633659184424099,0
"S3","dynamic",2,1,8,8,0.5,0.00666666666666667,0.633659184424099,0.633659184424099,0
"S3","dynamic",2,1,8,8,1,0,0.633659184424099,0.633659184424099,0
"S3","dynamic",2,1,8,8,2,0.00666666666666667,0.633659184424099,0.633659184424099,0
"S3","dynamic",2,1,12,12,0,0.02,0.633659184424099,0.633659184424099,0
"S3","dynamic",2,1,12,12,0.5,0.00666666666666667,0.633659184424099,0.633659184424099,0
"S3","dynamic",2,1,12,12,1,0.00666666666666667,0.633659184424099,0.633659184424099,0
"S3","dynamic",2,1,12,12,2,0.00666666666666667,0.633659184424099,0.633659184424099,0
"S3","dynamic",2,1,24,24,0,0,0.633659184424099,0.633659184424099,0
"S3","dynamic",2,1,24,24,0.5,0,0.633659184424099,0.633659184424099,0
"S3","dynamic",2,1,24,24,1,0,0.633659184424099,0.633659184424099,0
"S3","dynamic",2,1,24,24,2,0,0.633659184424099,0.633659184424099,0
"S3","dynamic",2,9,1,9,0,0.0266666666666667,1.01203266610999,0.664193471948098,0.808901076289965
"S3","dynamic",2,9,1,9,0.5,0,1.01203266610999,0.664193471948098,0.808901076289965
"S3","dynamic",2,9,1,9,1,0.00666666666666667,1.01203266610999,0.664193471948098,0.808901076289965
"S3","dynamic",2,9,1,9,2,0.00666666666666667,1.01203266610999,0.664193471948098,0.808901076289965
"S3","dynamic",2,9,2,18,0,0.0133333333333333,1.01203266610999,0.664193471948098,0.808901076289965
"S3","dynamic",2,9,2,18,0.5,0,1.01203266610999,0.664193471948098,0.808901076289965
"S3","dynamic",2,9,2,18,1,0,1.01203266610999,0.664193471948098,0.808901076289965
"S3","dynamic",2,9,2,18,2,0,1.01203266610999,0.664193471948098,0.808901076289965
"S3","dynamic",2,9,4,36,0,0,1.01203266610999,0.664193471948098,0.808901076289965
"S3","dynamic",2,9,4,36,0.5,0,1.01203266610999,0.664193471948098,0.808901076289965
"S3","dynamic",2,9,4,36,1,0,1.01203266610999,0.664193471948098,0.808901076289965
"S3","dynamic",2,9,4,36,2,0,1.01203266610999,0.664193471948098,0.808901076289965
"S3","dynamic",2,9,8,72,0,0,1.01203266610999,0.664193471948098,0.808901076289965
"S3","dynamic",2,9,8,72,0.5,0,1.01203266610999,0.664193471948098,0.808901076289965
"S3","dynamic",2,9,8,72,1,0,1.01203266610999,0.664193471948098,0.808901076289965
"S3","dynamic",2,9,8,72,2,0,1.01203266610999,0.664193471948098,0.808901076289965
"S3","dynamic",2,9,12,108,0,0,1.01203266610999,0.664193471948098,0.808901076289965
"S3","dynamic",2,9,12,108,0.5,0,1.01203266610999,0.664193471948098,0.808901076289965
"S3","dynamic",2,9,12,108,1,0,1.01203266610999,0.664193471948098,0.808901076289965
"S3","dynamic",2,9,12,108,2,0,1.01203266610999,0.664193471948098,0.808901076289965
"S3","dynamic",2,9,24,216,0,0,1.01203266610999,0.664193471948098,0.808901076289965
"S3","dynamic",2,9,24,216,0.5,0,1.01203266610999,0.664193471948098,0.808901076289965
"S3","dynamic",2,9,24,216,1,0,1.01203266610999,0.664193471948098,0.808901076289965
"S3","dynamic",2,9,24,216,2,0,1.01203266610999,0.664193471948098,0.808901076289965
"S3","dynamic",3,1,1,1,0,0.36,0.701745038551613,0.701745038551613,0
"S3","dynamic",3,1,1,1,0.5,0.06,0.701745038551613,0.701745038551613,0
"S3","dynamic",3,1,1,1,1,0.0666666666666667,0.701745038551613,0.701745038551613,0
"S3","dynamic",3,1,1,1,2,0.0733333333333333,0.701745038551613,0.701745038551613,0
"S3","dynamic",3,1,2,2,0,0.246666666666667,0.701745038551613,0.701745038551613,0
"S3","dynamic",3,1,2,2,0.5,0.0533333333333333,0.701745038551613,0.701745038551613,0
"S3","dynamic",3,1,2,2,1,0.0466666666666667,0.701745038551613,0.701745038551613,0
"S3","dynamic",3,1,2,2,2,0.0666666666666667,0.701745038551613,0.701745038551613,0
"S3","dynamic",3,1,4,4,0,0.12,0.701745038551613,0.701745038551613,0
"S3","dynamic",3,1,4,4,0.5,0.02,0.701745038551613,0.701745038551613,0
"S3","dynamic",3,1,4,4,1,0.0133333333333333,0.701745038551613,0.701745038551613,0
"S3","dynamic",3,1,4,4,2,0.0333333333333333,0.701745038551613,0.701745038551613,0
"S3","dynamic",3,1,8,8,0,0.0333333333333333,0.701745038551613,0.701745038551613,0
"S3","dynamic",3,1,8,8,0.5,0.00666666666666667,0.701745038551613,0.701745038551613,0
"S3","dynamic",3,1,8,8,1,0.00666666666666667,0.701745038551613,0.701745038551613,0
"S3","dynamic",3,1,8,8,2,0.0133333333333333,0.701745038551613,0.701745038551613,0
"S3","dynamic",3,1,12,12,0,0.00666666666666667,0.701745038551613,0.701745038551613,0
"S3","dynamic",3,1,12,12,0.5,0,0.701745038551613,0.701745038551613,0
"S3","dynamic",3,1,12,12,1,0,0.701745038551613,0.701745038551613,0
"S3","dynamic",3,1,12,12,2,0.00666666666666667,0.701745038551613,0.701745038551613,0
"S3","dynamic",3,1,24,24,0,0,0.701745038551613,0.701745038551613,0
"S3","dynamic",3,1,24,24,0.5,0,0.701745038551613,0.701745038551613,0
"S3","dynamic",3,1,24,24,1,0,0.701745038551613,0.701745038551613,0
"S3","dynamic",3,1,24,24,2,0,0.701745038551613,0.701745038551613,0
"S3","dynamic",3,9,1,9,0,0.0133333333333333,1.36618647481908,0.537470901466827,0.835458015598538
"S3","dynamic",3,9,1,9,0.5,0.0266666666666667,1.36618647481908,0.537470901466827,0.835458015598538
"S3","dynamic",3,9,1,9,1,0.02,1.36618647481908,0.537470901466827,0.835458015598538
"S3","dynamic",3,9,1,9,2,0.0266666666666667,1.36618647481908,0.537470901466827,0.835458015598538
"S3","dynamic",3,9,2,18,0,0.00666666666666667,1.36618647481908,0.537470901466827,0.835458015598538
"S3","dynamic",3,9,2,18,0.5,0.00666666666666667,1.36618647481908,0.537470901466827,0.835458015598538
"S3","dynamic",3,9,2,18,1,0,1.36618647481908,0.537470901466827,0.835458015598538
"S3","dynamic",3,9,2,18,2,0,1.36618647481908,0.537470901466827,0.835458015598538
"S3","dynamic",3,9,4,36,0,0,1.36618647481908,0.537470901466827,0.835458015598538
"S3","dynamic",3,9,4,36,0.5,0,1.36618647481908,0.537470901466827,0.835458015598538
"S3","dynamic",3,9,4,36,1,0,1.36618647481908,0.537470901466827,0.835458015598538
"S3","dynamic",3,9,4,36,2,0,1.36618647481908,0.537470901466827,0.835458015598538
"S3","dynamic",3,9,8,72,0,0,1.36618647481908,0.537470901466827,0.835458015598538
"S3","dynamic",3,9,8,72,0.5,0,1.36618647481908,0.537470901466827,0.835458015598538
"S3","dynamic",3,9,8,72,1,0,1.36618647481908,0.537470901466827,0.835458015598538
"S3","dynamic",3,9,8,72,2,0,1.36618647481908,0.537470901466827,0.835458015598538
"S3","dynamic",3,9,12,108,0,0,1.36618647481908,0.537470901466827,0.835458015598538
"S3","dynamic",3,9,12,108,0.5,0,1.36618647481908,0.537470901466827,0.835458015598538
"S3","dynamic",3,9,12,108,1,0,1.36618647481908,0.537470901466827,0.835458015598538
"S3","dynamic",3,9,12,108,2,0,1.36618647481908,0.537470901466827,0.835458015598538
"S3","dynamic",3,9,24,216,0,0,1.36618647481908,0.537470901466827,0.835458015598538
"S3","dynamic",3,9,24,216,0.5,0,1.36618647481908,0.537470901466827,0.835458015598538
"S3","dynamic",3,9,24,216,1,0,1.36618647481908,0.537470901466827,0.835458015598538
"S3","dynamic",3,9,24,216,2,0,1.36618647481908,0.537470901466827,0.835458015598538
"S3","dynamic",4,1,1,1,0,0.473333333333333,0.721742910778934,0.721742910778934,0
"S3","dynamic",4,1,1,1,0.5,0.106666666666667,0.721742910778934,0.721742910778934,0
"S3","dynamic",4,1,1,1,1,0.0933333333333333,0.721742910778934,0.721742910778934,0
"S3","dynamic",4,1,1,1,2,0.0933333333333333,0.721742910778934,0.721742910778934,0
"S3","dynamic",4,1,2,2,0,0.36,0.721742910778934,0.721742910778934,0
"S3","dynamic",4,1,2,2,0.5,0.1,0.721742910778934,0.721742910778934,0
"S3","dynamic",4,1,2,2,1,0.08,0.721742910778934,0.721742910778934,0
"S3","dynamic",4,1,2,2,2,0.08,0.721742910778934,0.721742910778934,0
"S3","dynamic",4,1,4,4,0,0.233333333333333,0.721742910778934,0.721742910778934,0
"S3","dynamic",4,1,4,4,0.5,0.0533333333333333,0.721742910778934,0.721742910778934,0
"S3","dynamic",4,1,4,4,1,0.06,0.721742910778934,0.721742910778934,0
"S3","dynamic",4,1,4,4,2,0.0466666666666667,0.721742910778934,0.721742910778934,0
"S3","dynamic",4,1,8,8,0,0.12,0.721742910778934,0.721742910778934,0
"S3","dynamic",4,1,8,8,0.5,0.02,0.721742910778934,0.721742910778934,0
"S3","dynamic",4,1,8,8,1,0.0133333333333333,0.721742910778934,0.721742910778934,0
"S3","dynamic",4,1,8,8,2,0.0266666666666667,0.721742910778934,0.721742910778934,0
"S3","dynamic",4,1,12,12,0,0.06,0.721742910778934,0.721742910778934,0
"S3","dynamic",4,1,12,12,0.5,0.00666666666666667,0.721742910778934,0.721742910778934,0
"S3","dynamic",4,1,12,12,1,0.00666666666666667,0.721742910778934,0.721742910778934,0
"S3","dynamic",4,1,12,12,2,0.0133333333333333,0.721742910778934,0.721742910778934,0
"S3","dynamic",4,1,24,24,0,0.00666666666666667,0.721742910778934,0.721742910778934,0
"S3","dynamic",4,1,24,24,0.5,0,0.721742910778934,0.721742910778934,0
"S3","dynamic",4,1,24,24,1,0,0.721742910778934,0.721742910778934,0
"S3","dynamic",4,1,24,24,2,0,0.721742910778934,0.721742910778934,0
"S3","dynamic",4,9,1,9,0,0.0133333333333333,4.71590905700821,0.828352542853424,0.862031421253644
"S3","dynamic",4,9,1,9,0.5,0,4.71590905700821,0.828352542853424,0.862031421253644
"S3","dynamic",4,9,1,9,1,0,4.71590905700821,0.828352542853424,0.862031421253644
"S3","dynamic",4,9,1,9,2,0.00666666666666667,4.71590905700821,0.828352542853424,0.862031421253644
"S3","dynamic",4,9,2,18,0,0,4.71590905700821,0.828352542853424,0.862031421253644
"S3","dynamic",4,9,2,18,0.5,0,4.71590905700821,0.828352542853424,0.862031421253644
"S3","dynamic",4,9,2,18,1,0,4.71590905700821,0.828352542853424,0.862031421253644
"S3","dynamic",4,9,2,18,2,0,4.71590905700821,0.828352542853424,0.862031421253644
"S3","dynamic",4,9,4,36,0,0,4.71590905700821,0.828352542853424,0.862031421253644
"S3","dynamic",4,9,4,36,0.5,0,4.71590905700821,0.828352542853424,0.862031421253644
"S3","dynamic",4,9,4,36,1,0,4.71590905700821,0.828352542853424,0.862031421253644
"S3","dynamic",4,9,4,36,2,0,4.71590905700821,0.828352542853424,0.862031421253644
"S3","dynamic",4,9,8,72,0,0,4.71590905700821,0.828352542853424,0.862031421253644
"S3","dynamic",4,9,8,72,0.5,0,4.71590905700821,0.828352542853424,0.862031421253644
"S3","dynamic",4,9,8,72,1,0,4.71590905700821,0.828352542853424,0.862031421253644
"S3","dynamic",4,9,8,72,2,0,4.71590905700821,0.828352542853424,0.862031421253644
"S3","dynamic",4,9,12,108,0,0,4.71590905700821,0.828352542853424,0.862031421253644
"S3","dynamic",4,9,12,108,0.5,0,4.71590905700821,0.828352542853424,0.862031421253644
"S3","dynamic",4,9,12,108,1,0,4.71590905700821,0.828352542853424,0.862031421253644
"S3","dynamic",4,9,12,108,2,0,4.71590905700821,0.828352542853424,0.862031421253644
"S3","dynamic",4,9,24,216,0,0,4.71590905700821,0.828352542853424,0.862031421253644
"S3","dynamic",4,9,24,216,0.5,0,4.71590905700821,0.828352542853424,0.862031421253644
"S3","dynamic",4,9,24,216,1,0,4.71590905700821,0.828352542853424,0.862031421253644
"S3","dynamic",4,9,24,216,2,0,4.71590905700821,0.828352542853424,0.862031421253644
"S3","dynamic",5,1,1,1,0,0.453333333333333,0.666859187746104,0.666859187746104,0
"S3","dynamic",5,1,1,1,0.5,0.0533333333333333,0.666859187746104,0.666859187746104,0
"S3","dynamic",5,1,1,1,1,0.08,0.666859187746104,0.666859187746104,0
"S3","dynamic",5,1,1,1,2,0.0933333333333333,0.666859187746104,0.666859187746104,0
"S3","dynamic",5,1,2,2,0,0.346666666666667,0.666859187746104,0.666859187746104,0
"S3","dynamic",5,1,2,2,0.5,0.0266666666666667,0.666859187746104,0.666859187746104,0
"S3","dynamic",5,1,2,2,1,0.0466666666666667,0.666859187746104,0.666859187746104,0
"S3","dynamic",5,1,2,2,2,0.0733333333333333,0.666859187746104,0.666859187746104,0
"S3","dynamic",5,1,4,4,0,0.213333333333333,0.666859187746104,0.666859187746104,0
"S3","dynamic",5,1,4,4,0.5,0.0333333333333333,0.666859187746104,0.666859187746104,0
"S3","dynamic",5,1,4,4,1,0.0333333333333333,0.666859187746104,0.666859187746104,0
"S3","dynamic",5,1,4,4,2,0.06,0.666859187746104,0.666859187746104,0
"S3","dynamic",5,1,8,8,0,0.0733333333333333,0.666859187746104,0.666859187746104,0
"S3","dynamic",5,1,8,8,0.5,0.02,0.666859187746104,0.666859187746104,0
"S3","dynamic",5,1,8,8,1,0.0133333333333333,0.666859187746104,0.666859187746104,0
"S3","dynamic",5,1,8,8,2,0.02,0.666859187746104,0.666859187746104,0
"S3","dynamic",5,1,12,12,0,0.0133333333333333,0.666859187746104,0.666859187746104,0
"S3","dynamic",5,1,12,12,0.5,0,0.666859187746104,0.666859187746104,0
"S3","dynamic",5,1,12,12,1,0,0.666859187746104,0.666859187746104,0
"S3","dynamic",5,1,12,12,2,0,0.666859187746104,0.666859187746104,0
"S3","dynamic",5,1,24,24,0,0,0.666859187746104,0.666859187746104,0
"S3","dynamic",5,1,24,24,0.5,0,0.666859187746104,0.666859187746104,0
"S3","dynamic",5,1,24,24,1,0,0.666859187746104,0.666859187746104,0
"S3","dynamic",5,1,24,24,2,0,0.666859187746104,0.666859187746104,0
"S3","dynamic",5,9,1,9,0,0.0266666666666667,6.79844039953885,0.583746159502198,0.78867382109539
"S3","dynamic",5,9,1,9,0.5,0.02,6.79844039953885,0.583746159502198,0.78867382109539
"S3","dynamic",5,9,1,9,1,0.0266666666666667,6.79844039953885,0.583746159502198,0.78867382109539
"S3","dynamic",5,9,1,9,2,0.04,6.79844039953885,0.583746159502198,0.78867382109539
"S3","dynamic",5,9,2,18,0,0,6.79844039953885,0.583746159502198,0.78867382109539
"S3","dynamic",5,9,2,18,0.5,0,6.79844039953885,0.583746159502198,0.78867382109539
"S3","dynamic",5,9,2,18,1,0,6.79844039953885,0.583746159502198,0.78867382109539
"S3","dynamic",5,9,2,18,2,0,6.79844039953885,0.583746159502198,0.78867382109539
"S3","dynamic",5,9,4,36,0,0,6.79844039953885,0.583746159502198,0.78867382109539
"S3","dynamic",5,9,4,36,0.5,0,6.79844039953885,0.583746159502198,0.78867382109539
"S3","dynamic",5,9,4,36,1,0,6.79844039953885,0.583746159502198,0.78867382109539
"S3","dynamic",5,9,4,36,2,0,6.79844039953885,0.583746159502198,0.78867382109539
"S3","dynamic",5,9,8,72,0,0,6.79844039953885,0.583746159502198,0.78867382109539
"S3","dynamic",5,9,8,72,0.5,0,6.79844039953885,0.583746159502198,0.78867382109539
"S3","dynamic",5,9,8,72,1,0,6.79844039953885,0.583746159502198,0.78867382109539
"S3","dynamic",5,9,8,72,2,0,6.79844039953885,0.583746159502198,0.78867382109539
"S3","dynamic",5,9,12,108,0,0,6.79844039953885,0.583746159502198,0.78867382109539
"S3","dynamic",5,9,12,108,0.5,0,6.79844039953885,0.583746159502198,0.78867382109539
"S3","dynamic",5,9,12,108,1,0,6.79844039953885,0.583746159502198,0.78867382109539
"S3","dynamic",5,9,12,108,2,0,6.79844039953885,0.583746159502198,0.78867382109539
"S3","dynamic",5,9,24,216,0,0,6.79844039953885,0.583746159502198,0.78867382109539
"S3","dynamic",5,9,24,216,0.5,0,6.79844039953885,0.583746159502198,0.78867382109539
"S3","dynamic",5,9,24,216,1,0,6.79844039953885,0.583746159502198,0.78867382109539
"S3","dynamic",5,9,24,216,2,0,6.79844039953885,0.583746159502198,0.78867382109539
"S3","dynamic",6,1,1,1,0,0.44,0.648292943948732,0.648292943948732,0
"S3","dynamic",6,1,1,1,0.5,0.0666666666666667,0.648292943948732,0.648292943948732,0
"S3","dynamic",6,1,1,1,1,0.0733333333333333,0.648292943948732,0.648292943948732,0
"S3","dynamic",6,1,1,1,2,0.08,0.648292943948732,0.648292943948732,0
"S3","dynamic",6,1,2,2,0,0.32,0.648292943948732,0.648292943948732,0
"S3","dynamic",6,1,2,2,0.5,0.0666666666666667,0.648292943948732,0.648292943948732,0
"S3","dynamic",6,1,2,2,1,0.0666666666666667,0.648292943948732,0.648292943948732,0
"S3","dynamic",6,1,2,2,2,0.08,0.648292943948732,0.648292943948732,0
"S3","dynamic",6,1,4,4,0,0.16,0.648292943948732,0.648292943948732,0
"S3","dynamic",6,1,4,4,0.5,0.02,0.648292943948732,0.648292943948732,0
"S3","dynamic",6,1,4,4,1,0.0466666666666667,0.648292943948732,0.648292943948732,0
"S3","dynamic",6,1,4,4,2,0.06,0.648292943948732,0.648292943948732,0
"S3","dynamic",6,1,8,8,0,0.0533333333333333,0.648292943948732,0.648292943948732,0
"S3","dynamic",6,1,8,8,0.5,0.0133333333333333,0.648292943948732,0.648292943948732,0
"S3","dynamic",6,1,8,8,1,0.0266666666666667,0.648292943948732,0.648292943948732,0
"S3","dynamic",6,1,8,8,2,0.0333333333333333,0.648292943948732,0.648292943948732,0
"S3","dynamic",6,1,12,12,0,0.0133333333333333,0.648292943948732,0.648292943948732,0
"S3","dynamic",6,1,12,12,0.5,0,0.648292943948732,0.648292943948732,0
"S3","dynamic",6,1,12,12,1,0.0133333333333333,0.648292943948732,0.648292943948732,0
"S3","dynamic",6,1,12,12,2,0.0266666666666667,0.648292943948732,0.648292943948732,0
"S3","dynamic",6,1,24,24,0,0.0133333333333333,0.648292943948732,0.648292943948732,0
"S3","dynamic",6,1,24,24,0.5,0.00666666666666667,0.648292943948732,0.648292943948732,0
"S3","dynamic",6,1,24,24,1,0,0.648292943948732,0.648292943948732,0
"S3","dynamic",6,1,24,24,2,0.00666666666666667,0.648292943948732,0.648292943948732,0
"S3","dynamic",6,9,1,9,0,0.0133333333333333,0.976591345314314,0.942876148435976,0.806982013568615
"S3","dynamic",6,9,1,9,0.5,0,0.976591345314314,0.942876148435976,0.806982013568615
"S3","dynamic",6,9,1,9,1,0,0.976591345314314,0.942876148435976,0.806982013568615
"S3","dynamic",6,9,1,9,2,0.00666666666666667,0.976591345314314,0.942876148435976,0.806982013568615
"S3","dynamic",6,9,2,18,0,0,0.976591345314314,0.942876148435976,0.806982013568615
"S3","dynamic",6,9,2,18,0.5,0,0.976591345314314,0.942876148435976,0.806982013568615
"S3","dynamic",6,9,2,18,1,0,0.976591345314314,0.942876148435976,0.806982013568615
"S3","dynamic",6,9,2,18,2,0,0.976591345314314,0.942876148435976,0.806982013568615
"S3","dynamic",6,9,4,36,0,0,0.976591345314314,0.942876148435976,0.806982013568615
"S3","dynamic",6,9,4,36,0.5,0,0.976591345314314,0.942876148435976,0.806982013568615
"S3","dynamic",6,9,4,36,1,0,0.976591345314314,0.942876148435976,0.806982013568615
"S3","dynamic",6,9,4,36,2,0,0.976591345314314,0.942876148435976,0.806982013568615
"S3","dynamic",6,9,8,72,0,0,0.976591345314314,0.942876148435976,0.806982013568615
"S3","dynamic",6,9,8,72,0.5,0,0.976591345314314,0.942876148435976,0.806982013568615
"S3","dynamic",6,9,8,72,1,0,0.976591345314314,0.942876148435976,0.806982013568615
"S3","dynamic",6,9,8,72,2,0,0.976591345314314,0.942876148435976,0.806982013568615
"S3","dynamic",6,9,12,108,0,0,0.976591345314314,0.942876148435976,0.806982013568615
"S3","dynamic",6,9,12,108,0.5,0,0.976591345314314,0.942876148435976,0.806982013568615
"S3","dynamic",6,9,12,108,1,0,0.976591345314314,0.942876148435976,0.806982013568615
"S3","dynamic",6,9,12,108,2,0,0.976591345314314,0.942876148435976,0.806982013568615
"S3","dynamic",6,9,24,216,0,0,0.976591345314314,0.942876148435976,0.806982013568615
"S3","dynamic",6,9,24,216,0.5,0,0.976591345314314,0.942876148435976,0.806982013568615
"S3","dynamic",6,9,24,216,1,0,0.976591345314314,0.942876148435976,0.806982013568615
"S3","dynamic",6,9,24,216,2,0,0.976591345314314,0.942876148435976,0.806982013568615
"S3","dynamic",7,1,1,1,0,0.38,0.64347897322968,0.64347897322968,0
"S3","dynamic",7,1,1,1,0.5,0.08,0.64347897322968,0.64347897322968,0
"S3","dynamic",7,1,1,1,1,0.0733333333333333,0.64347897322968,0.64347897322968,0
"S3","dynamic",7,1,1,1,2,0.1,0.64347897322968,0.64347897322968,0
"S3","dynamic",7,1,2,2,0,0.22,0.64347897322968,0.64347897322968,0
"S3","dynamic",7,1,2,2,0.5,0.0666666666666667,0.64347897322968,0.64347897322968,0
"S3","dynamic",7,1,2,2,1,0.0666666666666667,0.64347897322968,0.64347897322968,0
"S3","dynamic",7,1,2,2,2,0.0666666666666667,0.64347897322968,0.64347897322968,0
"S3","dynamic",7,1,4,4,0,0.146666666666667,0.64347897322968,0.64347897322968,0
"S3","dynamic",7,1,4,4,0.5,0.0666666666666667,0.64347897322968,0.64347897322968,0
"S3","dynamic",7,1,4,4,1,0.04,0.64347897322968,0.64347897322968,0
"S3","dynamic",7,1,4,4,2,0.04,0.64347897322968,0.64347897322968,0
"S3","dynamic",7,1,8,8,0,0.0266666666666667,0.64347897322968,0.64347897322968,0
"S3","dynamic",7,1,8,8,0.5,0,0.64347897322968,0.64347897322968,0
"S3","dynamic",7,1,8,8,1,0.00666666666666667,0.64347897322968,0.64347897322968,0
"S3","dynamic",7,1,8,8,2,0.00666666666666667,0.64347897322968,0.64347897322968,0
"S3","dynamic",7,1,12,12,0,0,0.64347897322968,0.64347897322968,0
"S3","dynamic",7,1,12,12,0.5,0,0.64347897322968,0.64347897322968,0
"S3","dynamic",7,1,12,12,1,0,0.64347897322968,0.64347897322968,0
"S3","dynamic",7,1,12,12,2,0,0.64347897322968,0.64347897322968,0
"S3","dynamic",7,1,24,24,0,0,0.64347897322968,0.64347897322968,0
"S3","dynamic",7,1,24,24,0.5,0,0.64347897322968,0.64347897322968,0
"S3","dynamic",7,1,24,24,1,0,0.64347897322968,0.64347897322968,0
"S3","dynamic",7,1,24,24,2,0,0.64347897322968,0.64347897322968,0
"S3","dynamic",7,9,1,9,0,0.0333333333333333,0.886100888444955,0.828475337702803,0.855599874103142
"S3","dynamic",7,9,1,9,0.5,0.00666666666666667,0.886100888444955,0.828475337702803,0.855599874103142
"S3","dynamic",7,9,1,9,1,0.00666666666666667,0.886100888444955,0.828475337702803,0.855599874103142
"S3","dynamic",7,9,1,9,2,0.00666666666666667,0.886100888444955,0.828475337702803,0.855599874103142
"S3","dynamic",7,9,2,18,0,0.00666666666666667,0.886100888444955,0.828475337702803,0.855599874103142
"S3","dynamic",7,9,2,18,0.5,0,0.886100888444955,0.828475337702803,0.855599874103142
"S3","dynamic",7,9,2,18,1,0,0.886100888444955,0.828475337702803,0.855599874103142
"S3","dynamic",7,9,2,18,2,0,0.886100888444955,0.828475337702803,0.855599874103142
"S3","dynamic",7,9,4,36,0,0,0.886100888444955,0.828475337702803,0.855599874103142
"S3","dynamic",7,9,4,36,0.5,0,0.886100888444955,0.828475337702803,0.855599874103142
"S3","dynamic",7,9,4,36,1,0,0.886100888444955,0.828475337702803,0.855599874103142
"S3","dynamic",7,9,4,36,2,0,0.886100888444955,0.828475337702803,0.855599874103142
"S3","dynamic",7,9,8,72,0,0,0.886100888444955,0.828475337702803,0.855599874103142
"S3","dynamic",7,9,8,72,0.5,0,0.886100888444955,0.828475337702803,0.855599874103142
"S3","dynamic",7,9,8,72,1,0,0.886100888444955,0.828475337702803,0.855599874103142
"S3","dynamic",7,9,8,72,2,0,0.886100888444955,0.828475337702803,0.855599874103142
"S3","dynamic",7,9,12,108,0,0,0.886100888444955,0.828475337702803,0.855599874103142
"S3","dynamic",7,9,12,108,0.5,0,0.886100888444955,0.828475337702803,0.855599874103142
"S3","dynamic",7,9,12,108,1,0,0.886100888444955,0.828475337702803,0.855599874103142
"S3","dynamic",7,9,12,108,2,0,0.886100888444955,0.828475337702803,0.855599874103142
"S3","dynamic",7,9,24,216,0,0,0.886100888444955,0.828475337702803,0.855599874103142
"S3","dynamic",7,9,24,216,0.5,0,0.886100888444955,0.828475337702803,0.855599874103142
"S3","dynamic",7,9,24,216,1,0,0.886100888444955,0.828475337702803,0.855599874103142
"S3","dynamic",7,9,24,216,2,0,0.886100888444955,0.828475337702803,0.855599874103142
"S3","dynamic",8,1,1,1,0,0.486666666666667,0.646711258791916,0.646711258791916,0
"S3","dynamic",8,1,1,1,0.5,0.0733333333333333,0.646711258791916,0.646711258791916,0
"S3","dynamic",8,1,1,1,1,0.0733333333333333,0.646711258791916,0.646711258791916,0
"S3","dynamic",8,1,1,1,2,0.08,0.646711258791916,0.646711258791916,0
"S3","dynamic",8,1,2,2,0,0.406666666666667,0.646711258791916,0.646711258791916,0
"S3","dynamic",8,1,2,2,0.5,0.0733333333333333,0.646711258791916,0.646711258791916,0
"S3","dynamic",8,1,2,2,1,0.0666666666666667,0.646711258791916,0.646711258791916,0
"S3","dynamic",8,1,2,2,2,0.0733333333333333,0.646711258791916,0.646711258791916,0
"S3","dynamic",8,1,4,4,0,0.246666666666667,0.646711258791916,0.646711258791916,0
"S3","dynamic",8,1,4,4,0.5,0.04,0.646711258791916,0.646711258791916,0
"S3","dynamic",8,1,4,4,1,0.0333333333333333,0.646711258791916,0.646711258791916,0
"S3","dynamic",8,1,4,4,2,0.0466666666666667,0.646711258791916,0.646711258791916,0
"S3","dynamic",8,1,8,8,0,0.0933333333333333,0.646711258791916,0.646711258791916,0
"S3","dynamic",8,1,8,8,0.5,0.0133333333333333,0.646711258791916,0.646711258791916,0
"S3","dynamic",8,1,8,8,1,0.00666666666666667,0.646711258791916,0.646711258791916,0
"S3","dynamic",8,1,8,8,2,0.0133333333333333,0.646711258791916,0.646711258791916,0
"S3","dynamic",8,1,12,12,0,0.0533333333333333,0.646711258791916,0.646711258791916,0
"S3","dynamic",8,1,12,12,0.5,0.00666666666666667,0.646711258791916,0.646711258791916,0
"S3","dynamic",8,1,12,12,1,0.00666666666666667,0.646711258791916,0.646711258791916,0
"S3","dynamic",8,1,12,12,2,0.0133333333333333,0.646711258791916,0.646711258791916,0
"S3","dynamic",8,1,24,24,0,0,0.646711258791916,0.646711258791916,0
"S3","dynamic",8,1,24,24,0.5,0,0.646711258791916,0.646711258791916,0
"S3","dynamic",8,1,24,24,1,0,0.646711258791916,0.646711258791916,0
"S3","dynamic",8,1,24,24,2,0,0.646711258791916,0.646711258791916,0
"S3","dynamic",8,9,1,9,0,0.0533333333333333,0.96791987886624,0.720634099846422,0.796770493304807
"S3","dynamic",8,9,1,9,0.5,0.02,0.96791987886624,0.720634099846422,0.796770493304807
"S3","dynamic",8,9,1,9,1,0,0.96791987886624,0.720634099846422,0.796770493304807
"S3","dynamic",8,9,1,9,2,0,0.96791987886624,0.720634099846422,0.796770493304807
"S3","dynamic",8,9,2,18,0,0.00666666666666667,0.96791987886624,0.720634099846422,0.796770493304807
"S3","dynamic",8,9,2,18,0.5,0,0.96791987886624,0.720634099846422,0.796770493304807
"S3","dynamic",8,9,2,18,1,0,0.96791987886624,0.720634099846422,0.796770493304807
"S3","dynamic",8,9,2,18,2,0,0.96791987886624,0.720634099846422,0.796770493304807
"S3","dynamic",8,9,4,36,0,0,0.96791987886624,0.720634099846422,0.796770493304807
"S3","dynamic",8,9,4,36,0.5,0,0.96791987886624,0.720634099846422,0.796770493304807
"S3","dynamic",8,9,4,36,1,0,0.96791987886624,0.720634099846422,0.796770493304807
"S3","dynamic",8,9,4,36,2,0,0.96791987886624,0.720634099846422,0.796770493304807
"S3","dynamic",8,9,8,72,0,0,0.96791987886624,0.720634099846422,0.796770493304807
"S3","dynamic",8,9,8,72,0.5,0,0.96791987886624,0.720634099846422,0.796770493304807
"S3","dynamic",8,9,8,72,1,0,0.96791987886624,0.720634099846422,0.796770493304807
"S3","dynamic",8,9,8,72,2,0,0.96791987886624,0.720634099846422,0.796770493304807
"S3","dynamic",8,9,12,108,0,0,0.96791987886624,0.720634099846422,0.796770493304807
"S3","dynamic",8,9,12,108,0.5,0,0.96791987886624,0.720634099846422,0.796770493304807
"S3","dynamic",8,9,12,108,1,0,0.96791987886624,0.720634099846422,0.796770493304807
"S3","dynamic",8,9,12,108,2,0,0.96791987886624,0.720634099846422,0.796770493304807
"S3","dynamic",8,9,24,216,0,0,0.96791987886624,0.720634099846422,0.796770493304807
"S3","dynamic",8,9,24,216,0.5,0,0.96791987886624,0.720634099846422,0.796770493304807
"S3","dynamic",8,9,24,216,1,0,0.96791987886624,0.720634099846422,0.796770493304807
"S3","dynamic",8,9,24,216,2,0,0.96791987886624,0.720634099846422,0.796770493304807
"S3","dynamic",9,1,1,1,0,0.36,0.867142288673806,0.867142288673806,0
"S3","dynamic",9,1,1,1,0.5,0.0533333333333333,0.867142288673806,0.867142288673806,0
"S3","dynamic",9,1,1,1,1,0.0533333333333333,0.867142288673806,0.867142288673806,0
"S3","dynamic",9,1,1,1,2,0.04,0.867142288673806,0.867142288673806,0
"S3","dynamic",9,1,2,2,0,0.213333333333333,0.867142288673806,0.867142288673806,0
"S3","dynamic",9,1,2,2,0.5,0.0333333333333333,0.867142288673806,0.867142288673806,0
"S3","dynamic",9,1,2,2,1,0.0333333333333333,0.867142288673806,0.867142288673806,0
"S3","dynamic",9,1,2,2,2,0.0333333333333333,0.867142288673806,0.867142288673806,0
"S3","dynamic",9,1,4,4,0,0.12,0.867142288673806,0.867142288673806,0
"S3","dynamic",9,1,4,4,0.5,0.0133333333333333,0.867142288673806,0.867142288673806,0
"S3","dynamic",9,1,4,4,1,0,0.867142288673806,0.867142288673806,0
"S3","dynamic",9,1,4,4,2,0.00666666666666667,0.867142288673806,0.867142288673806,0
"S3","dynamic",9,1,8,8,0,0.06,0.867142288673806,0.867142288673806,0
"S3","dynamic",9,1,8,8,0.5,0.00666666666666667,0.867142288673806,0.867142288673806,0
"S3","dynamic",9,1,8,8,1,0.00666666666666667,0.867142288673806,0.867142288673806,0
"S3","dynamic",9,1,8,8,2,0.00666666666666667,0.867142288673806,0.867142288673806,0
"S3","dynamic",9,1,12,12,0,0.00666666666666667,0.867142288673806,0.867142288673806,0
"S3","dynamic",9,1,12,12,0.5,0,0.867142288673806,0.867142288673806,0
"S3","dynamic",9,1,12,12,1,0,0.867142288673806,0.867142288673806,0
"S3","dynamic",9,1,12,12,2,0,0.867142288673806,0.867142288673806,0
"S3","dynamic",9,1,24,24,0,0,0.867142288673806,0.867142288673806,0
"S3","dynamic",9,1,24,24,0.5,0,0.867142288673806,0.867142288673806,0
"S3","dynamic",9,1,24,24,1,0,0.867142288673806,0.867142288673806,0
"S3","dynamic",9,1,24,24,2,0,0.867142288673806,0.867142288673806,0
"S3","dynamic",9,9,1,9,0,0.04,0.890322568042599,0.718695122071783,0.834794083488528
"S3","dynamic",9,9,1,9,0.5,0.00666666666666667,0.890322568042599,0.718695122071783,0.834794083488528
"S3","dynamic",9,9,1,9,1,0,0.890322568042599,0.718695122071783,0.834794083488528
"S3","dynamic",9,9,1,9,2,0,0.890322568042599,0.718695122071783,0.834794083488528
"S3","dynamic",9,9,2,18,0,0,0.890322568042599,0.718695122071783,0.834794083488528
"S3","dynamic",9,9,2,18,0.5,0,0.890322568042599,0.718695122071783,0.834794083488528
"S3","dynamic",9,9,2,18,1,0,0.890322568042599,0.718695122071783,0.834794083488528
"S3","dynamic",9,9,2,18,2,0,0.890322568042599,0.718695122071783,0.834794083488528
"S3","dynamic",9,9,4,36,0,0,0.890322568042599,0.718695122071783,0.834794083488528
"S3","dynamic",9,9,4,36,0.5,0,0.890322568042599,0.718695122071783,0.834794083488528
"S3","dynamic",9,9,4,36,1,0,0.890322568042599,0.718695122071783,0.834794083488528
"S3","dynamic",9,9,4,36,2,0,0.890322568042599,0.718695122071783,0.834794083488528
"S3","dynamic",9,9,8,72,0,0,0.890322568042599,0.718695122071783,0.834794083488528
"S3","dynamic",9,9,8,72,0.5,0,0.890322568042599,0.718695122071783,0.834794083488528
"S3","dynamic",9,9,8,72,1,0,0.890322568042599,0.718695122071783,0.834794083488528
"S3","dynamic",9,9,8,72,2,0,0.890322568042599,0.718695122071783,0.834794083488528
"S3","dynamic",9,9,12,108,0,0,0.890322568042599,0.718695122071783,0.834794083488528
"S3","dynamic",9,9,12,108,0.5,0,0.890322568042599,0.718695122071783,0.834794083488528
"S3","dynamic",9,9,12,108,1,0,0.890322568042599,0.718695122071783,0.834794083488528
"S3","dynamic",9,9,12,108,2,0,0.890322568042599,0.718695122071783,0.834794083488528
"S3","dynamic",9,9,24,216,0,0,0.890322568042599,0.718695122071783,0.834794083488528
"S3","dynamic",9,9,24,216,0.5,0,0.890322568042599,0.718695122071783,0.834794083488528
"S3","dynamic",9,9,24,216,1,0,0.890322568042599,0.718695122071783,0.834794083488528
"S3","dynamic",9,9,24,216,2,0,0.890322568042599,0.718695122071783,0.834794083488528
"S3","dynamic",10,1,1,1,0,0.373333333333333,0.730101742949949,0.730101742949949,0
"S3","dynamic",10,1,1,1,0.5,0.06,0.730101742949949,0.730101742949949,0
"S3","dynamic",10,1,1,1,1,0.0733333333333333,0.730101742949949,0.730101742949949,0
"S3","dynamic",10,1,1,1,2,0.0933333333333333,0.730101742949949,0.730101742949949,0
"S3","dynamic",10,1,2,2,0,0.273333333333333,0.730101742949949,0.730101742949949,0
"S3","dynamic",10,1,2,2,0.5,0.0466666666666667,0.730101742949949,0.730101742949949,0
"S3","dynamic",10,1,2,2,1,0.04,0.730101742949949,0.730101742949949,0
"S3","dynamic",10,1,2,2,2,0.0666666666666667,0.730101742949949,0.730101742949949,0
"S3","dynamic",10,1,4,4,0,0.14,0.730101742949949,0.730101742949949,0
"S3","dynamic",10,1,4,4,0.5,0,0.730101742949949,0.730101742949949,0
"S3","dynamic",10,1,4,4,1,0,0.730101742949949,0.730101742949949,0
"S3","dynamic",10,1,4,4,2,0.0133333333333333,0.730101742949949,0.730101742949949,0
"S3","dynamic",10,1,8,8,0,0.0333333333333333,0.730101742949949,0.730101742949949,0
"S3","dynamic",10,1,8,8,0.5,0,0.730101742949949,0.730101742949949,0
"S3","dynamic",10,1,8,8,1,0,0.730101742949949,0.730101742949949,0
"S3","dynamic",10,1,8,8,2,0.00666666666666667,0.730101742949949,0.730101742949949,0
"S3","dynamic",10,1,12,12,0,0.0133333333333333,0.730101742949949,0.730101742949949,0
"S3","dynamic",10,1,12,12,0.5,0,0.730101742949949,0.730101742949949,0
"S3","dynamic",10,1,12,12,1,0,0.730101742949949,0.730101742949949,0
"S3","dynamic",10,1,12,12,2,0.00666666666666667,0.730101742949949,0.730101742949949,0
"S3","dynamic",10,1,24,24,0,0,0.730101742949949,0.730101742949949,0
"S3","dynamic",10,1,24,24,0.5,0,0.730101742949949,0.730101742949949,0
"S3","dynamic",10,1,24,24,1,0,0.730101742949949,0.730101742949949,0
"S3","dynamic",10,1,24,24,2,0,0.730101742949949,0.730101742949949,0
"S3","dynamic",10,9,1,9,0,0.0466666666666667,0.990795080265075,0.720438722816862,0.816023455665613
"S3","dynamic",10,9,1,9,0.5,0.00666666666666667,0.990795080265075,0.720438722816862,0.816023455665613
"S3","dynamic",10,9,1,9,1,0,0.990795080265075,0.720438722816862,0.816023455665613
"S3","dynamic",10,9,1,9,2,0,0.990795080265075,0.720438722816862,0.816023455665613
"S3","dynamic",10,9,2,18,0,0.00666666666666667,0.990795080265075,0.720438722816862,0.816023455665613
"S3","dynamic",10,9,2,18,0.5,0,0.990795080265075,0.720438722816862,0.816023455665613
"S3","dynamic",10,9,2,18,1,0,0.990795080265075,0.720438722816862,0.816023455665613
"S3","dynamic",10,9,2,18,2,0,0.990795080265075,0.720438722816862,0.816023455665613
"S3","dynamic",10,9,4,36,0,0,0.990795080265075,0.720438722816862,0.816023455665613
"S3","dynamic",10,9,4,36,0.5,0,0.990795080265075,0.720438722816862,0.816023455665613
"S3","dynamic",10,9,4,36,1,0,0.990795080265075,0.720438722816862,0.816023455665613
"S3","dynamic",10,9,4,36,2,0,0.990795080265075,0.720438722816862,0.816023455665613
"S3","dynamic",10,9,8,72,0,0,0.990795080265075,0.720438722816862,0.816023455665613
"S3","dynamic",10,9,8,72,0.5,0,0.990795080265075,0.720438722816862,0.816023455665613
"S3","dynamic",10,9,8,72,1,0,0.990795080265075,0.720438722816862,0.816023455665613
"S3","dynamic",10,9,8,72,2,0,0.990795080265075,0.720438722816862,0.816023455665613
"S3","dynamic",10,9,12,108,0,0,0.990795080265075,0.720438722816862,0.816023455665613
"S3","dynamic",10,9,12,108,0.5,0,0.990795080265075,0.720438722816862,0.816023455665613
"S3","dynamic",10,9,12,108,1,0,0.990795080265075,0.720438722816862,0.816023455665613
"S3","dynamic",10,9,12,108,2,0,0.990795080265075,0.720438722816862,0.816023455665613
"S3","dynamic",10,9,24,216,0,0,0.990795080265075,0.720438722816862,0.816023455665613
"S3","dynamic",10,9,24,216,0.5,0,0.990795080265075,0.720438722816862,0.816023455665613
"S3","dynamic",10,9,24,216,1,0,0.990795080265075,0.720438722816862,0.816023455665613
"S3","dynamic",10,9,24,216,2,0,0.990795080265075,0.720438722816862,0.816023455665613
"S3","dynamic",11,1,1,1,0,0.473333333333333,0.625974885023995,0.625974885023995,0
"S3","dynamic",11,1,1,1,0.5,0.0933333333333333,0.625974885023995,0.625974885023995,0
"S3","dynamic",11,1,1,1,1,0.08,0.625974885023995,0.625974885023995,0
"S3","dynamic",11,1,1,1,2,0.0866666666666667,0.625974885023995,0.625974885023995,0
"S3","dynamic",11,1,2,2,0,0.373333333333333,0.625974885023995,0.625974885023995,0
"S3","dynamic",11,1,2,2,0.5,0.06,0.625974885023995,0.625974885023995,0
"S3","dynamic",11,1,2,2,1,0.06,0.625974885023995,0.625974885023995,0
"S3","dynamic",11,1,2,2,2,0.06,0.625974885023995,0.625974885023995,0
"S3","dynamic",11,1,4,4,0,0.24,0.625974885023995,0.625974885023995,0
"S3","dynamic",11,1,4,4,0.5,0.0666666666666667,0.625974885023995,0.625974885023995,0
"S3","dynamic",11,1,4,4,1,0.06,0.625974885023995,0.625974885023995,0
"S3","dynamic",11,1,4,4,2,0.0466666666666667,0.625974885023995,0.625974885023995,0
"S3","dynamic",11,1,8,8,0,0.0733333333333333,0.625974885023995,0.625974885023995,0
"S3","dynamic",11,1,8,8,0.5,0.00666666666666667,0.625974885023995,0.625974885023995,0
"S3","dynamic",11,1,8,8,1,0.02,0.625974885023995,0.625974885023995,0
"S3","dynamic",11,1,8,8,2,0.0266666666666667,0.625974885023995,0.625974885023995,0
"S3","dynamic",11,1,12,12,0,0.0266666666666667,0.625974885023995,0.625974885023995,0
"S3","dynamic",11,1,12,12,0.5,0,0.625974885023995,0.625974885023995,0
"S3","dynamic",11,1,12,12,1,0.0133333333333333,0.625974885023995,0.625974885023995,0
"S3","dynamic",11,1,12,12,2,0.0133333333333333,0.625974885023995,0.625974885023995,0
"S3","dynamic",11,1,24,24,0,0,0.625974885023995,0.625974885023995,0
"S3","dynamic",11,1,24,24,0.5,0,0.625974885023995,0.625974885023995,0
"S3","dynamic",11,1,24,24,1,0,0.625974885023995,0.625974885023995,0
"S3","dynamic",11,1,24,24,2,0,0.625974885023995,0.625974885023995,0
"S3","dynamic",11,9,1,9,0,0.06,1.35000132669237,0.651657511804562,0.819720960109849
"S3","dynamic",11,9,1,9,0.5,0.02,1.35000132669237,0.651657511804562,0.819720960109849
"S3","dynamic",11,9,1,9,1,0.0133333333333333,1.35000132669237,0.651657511804562,0.819720960109849
"S3","dynamic",11,9,1,9,2,0.0333333333333333,1.35000132669237,0.651657511804562,0.819720960109849
"S3","dynamic",11,9,2,18,0,0.00666666666666667,1.35000132669237,0.651657511804562,0.819720960109849
"S3","dynamic",11,9,2,18,0.5,0.00666666666666667,1.35000132669237,0.651657511804562,0.819720960109849
"S3","dynamic",11,9,2,18,1,0,1.35000132669237,0.651657511804562,0.819720960109849
"S3","dynamic",11,9,2,18,2,0,1.35000132669237,0.651657511804562,0.819720960109849
"S3","dynamic",11,9,4,36,0,0,1.35000132669237,0.651657511804562,0.819720960109849
"S3","dynamic",11,9,4,36,0.5,0,1.35000132669237,0.651657511804562,0.819720960109849
"S3","dynamic",11,9,4,36,1,0,1.35000132669237,0.651657511804562,0.819720960109849
"S3","dynamic",11,9,4,36,2,0,1.35000132669237,0.651657511804562,0.819720960109849
"S3","dynamic",11,9,8,72,0,0,1.35000132669237,0.651657511804562,0.819720960109849
"S3","dynamic",11,9,8,72,0.5,0,1.35000132669237,0.651657511804562,0.819720960109849
"S3","dynamic",11,9,8,72,1,0,1.35000132669237,0.651657511804562,0.819720960109849
"S3","dynamic",11,9,8,72,2,0,1.35000132669237,0.651657511804562,0.819720960109849
"S3","dynamic",11,9,12,108,0,0,1.35000132669237,0.651657511804562,0.819720960109849
"S3","dynamic",11,9,12,108,0.5,0,1.35000132669237,0.651657511804562,0.819720960109849
"S3","dynamic",11,9,12,108,1,0,1.35000132669237,0.651657511804562,0.819720960109849
"S3","dynamic",11,9,12,108,2,0,1.35000132669237,0.651657511804562,0.819720960109849
"S3","dynamic",11,9,24,216,0,0,1.35000132669237,0.651657511804562,0.819720960109849
"S3","dynamic",11,9,24,216,0.5,0,1.35000132669237,0.651657511804562,0.819720960109849
"S3","dynamic",11,9,24,216,1,0,1.35000132669237,0.651657511804562,0.819720960109849
"S3","dynamic",11,9,24,216,2,0,1.35000132669237,0.651657511804562,0.819720960109849
"S3","dynamic",12,1,1,1,0,0.413333333333333,0.592708940582251,0.592708940582251,0
"S3","dynamic",12,1,1,1,0.5,0.126666666666667,0.592708940582251,0.592708940582251,0
"S3","dynamic",12,1,1,1,1,0.12,0.592708940582251,0.592708940582251,0
"S3","dynamic",12,1,1,1,2,0.126666666666667,0.592708940582251,0.592708940582251,0
"S3","dynamic",12,1,2,2,0,0.333333333333333,0.592708940582251,0.592708940582251,0
"S3","dynamic",12,1,2,2,0.5,0.08,0.592708940582251,0.592708940582251,0
"S3","dynamic",12,1,2,2,1,0.0866666666666667,0.592708940582251,0.592708940582251,0
"S3","dynamic",12,1,2,2,2,0.0933333333333333,0.592708940582251,0.592708940582251,0
"S3","dynamic",12,1,4,4,0,0.173333333333333,0.592708940582251,0.592708940582251,0
"S3","dynamic",12,1,4,4,0.5,0.0733333333333333,0.592708940582251,0.592708940582251,0
"S3","dynamic",12,1,4,4,1,0.0866666666666667,0.592708940582251,0.592708940582251,0
"S3","dynamic",12,1,4,4,2,0.0866666666666667,0.592708940582251,0.592708940582251,0
"S3","dynamic",12,1,8,8,0,0.08,0.592708940582251,0.592708940582251,0
"S3","dynamic",12,1,8,8,0.5,0.0266666666666667,0.592708940582251,0.592708940582251,0
"S3","dynamic",12,1,8,8,1,0.04,0.592708940582251,0.592708940582251,0
"S3","dynamic",12,1,8,8,2,0.0466666666666667,0.592708940582251,0.592708940582251,0
"S3","dynamic",12,1,12,12,0,0.0266666666666667,0.592708940582251,0.592708940582251,0
"S3","dynamic",12,1,12,12,0.5,0.0133333333333333,0.592708940582251,0.592708940582251,0
"S3","dynamic",12,1,12,12,1,0.02,0.592708940582251,0.592708940582251,0
"S3","dynamic",12,1,12,12,2,0.0266666666666667,0.592708940582251,0.592708940582251,0
"S3","dynamic",12,1,24,24,0,0,0.592708940582251,0.592708940582251,0
"S3","dynamic",12,1,24,24,0.5,0,0.592708940582251,0.592708940582251,0
"S3","dynamic",12,1,24,24,1,0,0.592708940582251,0.592708940582251,0
"S3","dynamic",12,1,24,24,2,0,0.592708940582251,0.592708940582251,0
"S3","dynamic",12,9,1,9,0,0.02,0.826653665823609,0.666460317290687,0.783704326658575
"S3","dynamic",12,9,1,9,0.5,0.00666666666666667,0.826653665823609,0.666460317290687,0.783704326658575
"S3","dynamic",12,9,1,9,1,0,0.826653665823609,0.666460317290687,0.783704326658575
"S3","dynamic",12,9,1,9,2,0,0.826653665823609,0.666460317290687,0.783704326658575
"S3","dynamic",12,9,2,18,0,0,0.826653665823609,0.666460317290687,0.783704326658575
"S3","dynamic",12,9,2,18,0.5,0,0.826653665823609,0.666460317290687,0.783704326658575
"S3","dynamic",12,9,2,18,1,0,0.826653665823609,0.666460317290687,0.783704326658575
"S3","dynamic",12,9,2,18,2,0,0.826653665823609,0.666460317290687,0.783704326658575
"S3","dynamic",12,9,4,36,0,0,0.826653665823609,0.666460317290687,0.783704326658575
"S3","dynamic",12,9,4,36,0.5,0,0.826653665823609,0.666460317290687,0.783704326658575
"S3","dynamic",12,9,4,36,1,0,0.826653665823609,0.666460317290687,0.783704326658575
"S3","dynamic",12,9,4,36,2,0,0.826653665823609,0.666460317290687,0.783704326658575
"S3","dynamic",12,9,8,72,0,0,0.826653665823609,0.666460317290687,0.783704326658575
"S3","dynamic",12,9,8,72,0.5,0,0.826653665823609,0.666460317290687,0.783704326658575
"S3","dynamic",12,9,8,72,1,0,0.826653665823609,0.666460317290687,0.783704326658575
"S3","dynamic",12,9,8,72,2,0,0.826653665823609,0.666460317290687,0.783704326658575
"S3","dynamic",12,9,12,108,0,0,0.826653665823609,0.666460317290687,0.783704326658575
"S3","dynamic",12,9,12,108,0.5,0,0.826653665823609,0.666460317290687,0.783704326658575
"S3","dynamic",12,9,12,108,1,0,0.826653665823609,0.666460317290687,0.783704326658575
"S3","dynamic",12,9,12,108,2,0,0.826653665823609,0.666460317290687,0.783704326658575
"S3","dynamic",12,9,24,216,0,0,0.826653665823609,0.666460317290687,0.783704326658575
"S3","dynamic",12,9,24,216,0.5,0,0.826653665823609,0.666460317290687,0.783704326658575
"S3","dynamic",12,9,24,216,1,0,0.826653665823609,0.666460317290687,0.783704326658575
"S3","dynamic",12,9,24,216,2,0,0.826653665823609,0.666460317290687,0.783704326658575
"S3","dynamic",13,1,1,1,0,0.4,0.755904376655794,0.755904376655794,0
"S3","dynamic",13,1,1,1,0.5,0.04,0.755904376655794,0.755904376655794,0
"S3","dynamic",13,1,1,1,1,0.06,0.755904376655794,0.755904376655794,0
"S3","dynamic",13,1,1,1,2,0.0733333333333333,0.755904376655794,0.755904376655794,0
"S3","dynamic",13,1,2,2,0,0.24,0.755904376655794,0.755904376655794,0
"S3","dynamic",13,1,2,2,0.5,0.0266666666666667,0.755904376655794,0.755904376655794,0
"S3","dynamic",13,1,2,2,1,0.0533333333333333,0.755904376655794,0.755904376655794,0
"S3","dynamic",13,1,2,2,2,0.0533333333333333,0.755904376655794,0.755904376655794,0
"S3","dynamic",13,1,4,4,0,0.0866666666666667,0.755904376655794,0.755904376655794,0
"S3","dynamic",13,1,4,4,0.5,0.0266666666666667,0.755904376655794,0.755904376655794,0
"S3","dynamic",13,1,4,4,1,0.02,0.755904376655794,0.755904376655794,0
"S3","dynamic",13,1,4,4,2,0.0333333333333333,0.755904376655794,0.755904376655794,0
"S3","dynamic",13,1,8,8,0,0.02,0.755904376655794,0.755904376655794,0
"S3","dynamic",13,1,8,8,0.5,0.0133333333333333,0.755904376655794,0.755904376655794,0
"S3","dynamic",13,1,8,8,1,0.00666666666666667,0.755904376655794,0.755904376655794,0
"S3","dynamic",13,1,8,8,2,0.00666666666666667,0.755904376655794,0.755904376655794,0
"S3","dynamic",13,1,12,12,0,0,0.755904376655794,0.755904376655794,0
"S3","dynamic",13,1,12,12,0.5,0,0.755904376655794,0.755904376655794,0
"S3","dynamic",13,1,12,12,1,0,0.755904376655794,0.755904376655794,0
"S3","dynamic",13,1,12,12,2,0,0.755904376655794,0.755904376655794,0
"S3","dynamic",13,1,24,24,0,0,0.755904376655794,0.755904376655794,0
"S3","dynamic",13,1,24,24,0.5,0,0.755904376655794,0.755904376655794,0
"S3","dynamic",13,1,24,24,1,0,0.755904376655794,0.755904376655794,0
"S3","dynamic",13,1,24,24,2,0,0.755904376655794,0.755904376655794,0
"S3","dynamic",13,9,1,9,0,0.00666666666666667,1.10060380411529,0.697081036615978,0.834383227883228
"S3","dynamic",13,9,1,9,0.5,0,1.10060380411529,0.697081036615978,0.834383227883228
"S3","dynamic",13,9,1,9,1,0,1.10060380411529,0.697081036615978,0.834383227883228
"S3","dynamic",13,9,1,9,2,0.00666666666666667,1.10060380411529,0.697081036615978,0.834383227883228
"S3","dynamic",13,9,2,18,0,0,1.10060380411529,0.697081036615978,0.834383227883228
"S3","dynamic",13,9,2,18,0.5,0,1.10060380411529,0.697081036615978,0.834383227883228
"S3","dynamic",13,9,2,18,1,0,1.10060380411529,0.697081036615978,0.834383227883228
"S3","dynamic",13,9,2,18,2,0,1.10060380411529,0.697081036615978,0.834383227883228
"S3","dynamic",13,9,4,36,0,0,1.10060380411529,0.697081036615978,0.834383227883228
"S3","dynamic",13,9,4,36,0.5,0,1.10060380411529,0.697081036615978,0.834383227883228
"S3","dynamic",13,9,4,36,1,0,1.10060380411529,0.697081036615978,0.834383227883228
"S3","dynamic",13,9,4,36,2,0,1.10060380411529,0.697081036615978,0.834383227883228
"S3","dynamic",13,9,8,72,0,0,1.10060380411529,0.697081036615978,0.834383227883228
"S3","dynamic",13,9,8,72,0.5,0,1.10060380411529,0.697081036615978,0.834383227883228
"S3","dynamic",13,9,8,72,1,0,1.10060380411529,0.697081036615978,0.834383227883228
"S3","dynamic",13,9,8,72,2,0,1.10060380411529,0.697081036615978,0.834383227883228
"S3","dynamic",13,9,12,108,0,0,1.10060380411529,0.697081036615978,0.834383227883228
"S3","dynamic",13,9,12,108,0.5,0,1.10060380411529,0.697081036615978,0.834383227883228
"S3","dynamic",13,9,12,108,1,0,1.10060380411529,0.697081036615978,0.834383227883228
"S3","dynamic",13,9,12,108,2,0,1.10060380411529,0.697081036615978,0.834383227883228
"S3","dynamic",13,9,24,216,0,0,1.10060380411529,0.697081036615978,0.834383227883228
"S3","dynamic",13,9,24,216,0.5,0,1.10060380411529,0.697081036615978,0.834383227883228
"S3","dynamic",13,9,24,216,1,0,1.10060380411529,0.697081036615978,0.834383227883228
"S3","dynamic",13,9,24,216,2,0,1.10060380411529,0.697081036615978,0.834383227883228
"S3","dynamic",14,1,1,1,0,0.413333333333333,1.03567705659735,1.03567705659735,0
"S3","dynamic",14,1,1,1,0.5,0.0533333333333333,1.03567705659735,1.03567705659735,0
"S3","dynamic",14,1,1,1,1,0.0533333333333333,1.03567705659735,1.03567705659735,0
"S3","dynamic",14,1,1,1,2,0.0466666666666667,1.03567705659735,1.03567705659735,0
"S3","dynamic",14,1,2,2,0,0.273333333333333,1.03567705659735,1.03567705659735,0
"S3","dynamic",14,1,2,2,0.5,0.0133333333333333,1.03567705659735,1.03567705659735,0
"S3","dynamic",14,1,2,2,1,0.02,1.03567705659735,1.03567705659735,0
"S3","dynamic",14,1,2,2,2,0.02,1.03567705659735,1.03567705659735,0
"S3","dynamic",14,1,4,4,0,0.153333333333333,1.03567705659735,1.03567705659735,0
"S3","dynamic",14,1,4,4,0.5,0.02,1.03567705659735,1.03567705659735,0
"S3","dynamic",14,1,4,4,1,0.02,1.03567705659735,1.03567705659735,0
"S3","dynamic",14,1,4,4,2,0.0266666666666667,1.03567705659735,1.03567705659735,0
"S3","dynamic",14,1,8,8,0,0.0333333333333333,1.03567705659735,1.03567705659735,0
"S3","dynamic",14,1,8,8,0.5,0,1.03567705659735,1.03567705659735,0
"S3","dynamic",14,1,8,8,1,0.00666666666666667,1.03567705659735,1.03567705659735,0
"S3","dynamic",14,1,8,8,2,0.0133333333333333,1.03567705659735,1.03567705659735,0
"S3","dynamic",14,1,12,12,0,0.0266666666666667,1.03567705659735,1.03567705659735,0
"S3","dynamic",14,1,12,12,0.5,0,1.03567705659735,1.03567705659735,0
"S3","dynamic",14,1,12,12,1,0,1.03567705659735,1.03567705659735,0
"S3","dynamic",14,1,12,12,2,0.00666666666666667,1.03567705659735,1.03567705659735,0
"S3","dynamic",14,1,24,24,0,0.00666666666666667,1.03567705659735,1.03567705659735,0
"S3","dynamic",14,1,24,24,0.5,0,1.03567705659735,1.03567705659735,0
"S3","dynamic",14,1,24,24,1,0,1.03567705659735,1.03567705659735,0
"S3","dynamic",14,1,24,24,2,0,1.03567705659735,1.03567705659735,0
"S3","dynamic",14,9,1,9,0,0.0133333333333333,0.853830243713688,0.710445457334268,0.787436024880469
"S3","dynamic",14,9,1,9,0.5,0.00666666666666667,0.853830243713688,0.710445457334268,0.787436024880469
"S3","dynamic",14,9,1,9,1,0.00666666666666667,0.853830243713688,0.710445457334268,0.787436024880469
"S3","dynamic",14,9,1,9,2,0.0266666666666667,0.853830243713688,0.710445457334268,0.787436024880469
"S3","dynamic",14,9,2,18,0,0,0.853830243713688,0.710445457334268,0.787436024880469
"S3","dynamic",14,9,2,18,0.5,0,0.853830243713688,0.710445457334268,0.787436024880469
"S3","dynamic",14,9,2,18,1,0,0.853830243713688,0.710445457334268,0.787436024880469
"S3","dynamic",14,9,2,18,2,0,0.853830243713688,0.710445457334268,0.787436024880469
"S3","dynamic",14,9,4,36,0,0,0.853830243713688,0.710445457334268,0.787436024880469
"S3","dynamic",14,9,4,36,0.5,0,0.853830243713688,0.710445457334268,0.787436024880469
"S3","dynamic",14,9,4,36,1,0,0.853830243713688,0.710445457334268,0.787436024880469
"S3","dynamic",14,9,4,36,2,0,0.853830243713688,0.710445457334268,0.787436024880469
"S3","dynamic",14,9,8,72,0,0,0.853830243713688,0.710445457334268,0.787436024880469
"S3","dynamic",14,9,8,72,0.5,0,0.853830243713688,0.710445457334268,0.787436024880469
"S3","dynamic",14,9,8,72,1,0,0.853830243713688,0.710445457334268,0.787436024880469
"S3","dynamic",14,9,8,72,2,0,0.853830243713688,0.710445457334268,0.787436024880469
"S3","dynamic",14,9,12,108,0,0,0.853830243713688,0.710445457334268,0.787436024880469
"S3","dynamic",14,9,12,108,0.5,0,0.853830243713688,0.710445457334268,0.787436024880469
"S3","dynamic",14,9,12,108,1,0,0.853830243713688,0.710445457334268,0.787436024880469
"S3","dynamic",14,9,12,108,2,0,0.853830243713688,0.710445457334268,0.787436024880469
"S3","dynamic",14,9,24,216,0,0,0.853830243713688,0.710445457334268,0.787436024880469
"S3","dynamic",14,9,24,216,0.5,0,0.853830243713688,0.710445457334268,0.787436024880469
"S3","dynamic",14,9,24,216,1,0,0.853830243713688,0.710445457334268,0.787436024880469
"S3","dynamic",14,9,24,216,2,0,0.853830243713688,0.710445457334268,0.787436024880469
"S3","dynamic",15,1,1,1,0,0.453333333333333,0.732095124470302,0.732095124470302,0
"S3","dynamic",15,1,1,1,0.5,0.0733333333333333,0.732095124470302,0.732095124470302,0
"S3","dynamic",15,1,1,1,1,0.0733333333333333,0.732095124470302,0.732095124470302,0
"S3","dynamic",15,1,1,1,2,0.0866666666666667,0.732095124470302,0.732095124470302,0
"S3","dynamic",15,1,2,2,0,0.286666666666667,0.732095124470302,0.732095124470302,0
"S3","dynamic",15,1,2,2,0.5,0.04,0.732095124470302,0.732095124470302,0
"S3","dynamic",15,1,2,2,1,0.06,0.732095124470302,0.732095124470302,0
"S3","dynamic",15,1,2,2,2,0.0733333333333333,0.732095124470302,0.732095124470302,0
"S3","dynamic",15,1,4,4,0,0.14,0.732095124470302,0.732095124470302,0
"S3","dynamic",15,1,4,4,0.5,0.02,0.732095124470302,0.732095124470302,0
"S3","dynamic",15,1,4,4,1,0.02,0.732095124470302,0.732095124470302,0
"S3","dynamic",15,1,4,4,2,0.0333333333333333,0.732095124470302,0.732095124470302,0
"S3","dynamic",15,1,8,8,0,0.04,0.732095124470302,0.732095124470302,0
"S3","dynamic",15,1,8,8,0.5,0.00666666666666667,0.732095124470302,0.732095124470302,0
"S3","dynamic",15,1,8,8,1,0,0.732095124470302,0.732095124470302,0
"S3","dynamic",15,1,8,8,2,0.0133333333333333,0.732095124470302,0.732095124470302,0
"S3","dynamic",15,1,12,12,0,0.00666666666666667,0.732095124470302,0.732095124470302,0
"S3","dynamic",15,1,12,12,0.5,0,0.732095124470302,0.732095124470302,0
"S3","dynamic",15,1,12,12,1,0,0.732095124470302,0.732095124470302,0
"S3","dynamic",15,1,12,12,2,0,0.732095124470302,0.732095124470302,0
"S3","dynamic",15,1,24,24,0,0,0.732095124470302,0.732095124470302,0
"S3","dynamic",15,1,24,24,0.5,0,0.732095124470302,0.732095124470302,0
"S3","dynamic",15,1,24,24,1,0,0.732095124470302,0.732095124470302,0
"S3","dynamic",15,1,24,24,2,0,0.732095124470302,0.732095124470302,0
"S3","dynamic",15,9,1,9,0,0.0133333333333333,0.872510663319318,0.763871801255471,0.831887876526765
"S3","dynamic",15,9,1,9,0.5,0,0.872510663319318,0.763871801255471,0.831887876526765
"S3","dynamic",15,9,1,9,1,0,0.872510663319318,0.763871801255471,0.831887876526765
"S3","dynamic",15,9,1,9,2,0.00666666666666667,0.872510663319318,0.763871801255471,0.831887876526765
"S3","dynamic",15,9,2,18,0,0,0.872510663319318,0.763871801255471,0.831887876526765
"S3","dynamic",15,9,2,18,0.5,0,0.872510663319318,0.763871801255471,0.831887876526765
"S3","dynamic",15,9,2,18,1,0,0.872510663319318,0.763871801255471,0.831887876526765
"S3","dynamic",15,9,2,18,2,0,0.872510663319318,0.763871801255471,0.831887876526765
"S3","dynamic",15,9,4,36,0,0,0.872510663319318,0.763871801255471,0.831887876526765
"S3","dynamic",15,9,4,36,0.5,0,0.872510663319318,0.763871801255471,0.831887876526765
"S3","dynamic",15,9,4,36,1,0,0.872510663319318,0.763871801255471,0.831887876526765
"S3","dynamic",15,9,4,36,2,0,0.872510663319318,0.763871801255471,0.831887876526765
"S3","dynamic",15,9,8,72,0,0,0.872510663319318,0.763871801255471,0.831887876526765
"S3","dynamic",15,9,8,72,0.5,0,0.872510663319318,0.763871801255471,0.831887876526765
"S3","dynamic",15,9,8,72,1,0,0.872510663319318,0.763871801255471,0.831887876526765
"S3","dynamic",15,9,8,72,2,0,0.872510663319318,0.763871801255471,0.831887876526765
"S3","dynamic",15,9,12,108,0,0,0.872510663319318,0.763871801255471,0.831887876526765
"S3","dynamic",15,9,12,108,0.5,0,0.872510663319318,0.763871801255471,0.831887876526765
"S3","dynamic",15,9,12,108,1,0,0.872510663319318,0.763871801255471,0.831887876526765
"S3","dynamic",15,9,12,108,2,0,0.872510663319318,0.763871801255471,0.831887876526765
"S3","dynamic",15,9,24,216,0,0,0.872510663319318,0.763871801255471,0.831887876526765
"S3","dynamic",15,9,24,216,0.5,0,0.872510663319318,0.763871801255471,0.831887876526765
"S3","dynamic",15,9,24,216,1,0,0.872510663319318,0.763871801255471,0.831887876526765
"S3","dynamic",15,9,24,216,2,0,0.872510663319318,0.763871801255471,0.831887876526765
"S3","dynamic",16,1,1,1,0,0.34,0.722498740494851,0.722498740494851,0
"S3","dynamic",16,1,1,1,0.5,0.1,0.722498740494851,0.722498740494851,0
"S3","dynamic",16,1,1,1,1,0.12,0.722498740494851,0.722498740494851,0
"S3","dynamic",16,1,1,1,2,0.113333333333333,0.722498740494851,0.722498740494851,0
"S3","dynamic",16,1,2,2,0,0.26,0.722498740494851,0.722498740494851,0
"S3","dynamic",16,1,2,2,0.5,0.0666666666666667,0.722498740494851,0.722498740494851,0
"S3","dynamic",16,1,2,2,1,0.08,0.722498740494851,0.722498740494851,0
"S3","dynamic",16,1,2,2,2,0.113333333333333,0.722498740494851,0.722498740494851,0
"S3","dynamic",16,1,4,4,0,0.16,0.722498740494851,0.722498740494851,0
"S3","dynamic",16,1,4,4,0.5,0.0666666666666667,0.722498740494851,0.722498740494851,0
"S3","dynamic",16,1,4,4,1,0.06,0.722498740494851,0.722498740494851,0
"S3","dynamic",16,1,4,4,2,0.08,0.722498740494851,0.722498740494851,0
"S3","dynamic",16,1,8,8,0,0.0666666666666667,0.722498740494851,0.722498740494851,0
"S3","dynamic",16,1,8,8,0.5,0.0266666666666667,0.722498740494851,0.722498740494851,0
"S3","dynamic",16,1,8,8,1,0.0266666666666667,0.722498740494851,0.722498740494851,0
"S3","dynamic",16,1,8,8,2,0.0333333333333333,0.722498740494851,0.722498740494851,0
"S3","dynamic",16,1,12,12,0,0.02,0.722498740494851,0.722498740494851,0
"S3","dynamic",16,1,12,12,0.5,0,0.722498740494851,0.722498740494851,0
"S3","dynamic",16,1,12,12,1,0.00666666666666667,0.722498740494851,0.722498740494851,0
"S3","dynamic",16,1,12,12,2,0.02,0.722498740494851,0.722498740494851,0
"S3","dynamic",16,1,24,24,0,0,0.722498740494851,0.722498740494851,0
"S3","dynamic",16,1,24,24,0.5,0,0.722498740494851,0.722498740494851,0
"S3","dynamic",16,1,24,24,1,0,0.722498740494851,0.722498740494851,0
"S3","dynamic",16,1,24,24,2,0,0.722498740494851,0.722498740494851,0
"S3","dynamic",16,9,1,9,0,0.0133333333333333,0.973964832756913,0.594598798705367,0.804161551109264
"S3","dynamic",16,9,1,9,0.5,0,0.973964832756913,0.594598798705367,0.804161551109264
"S3","dynamic",16,9,1,9,1,0,0.973964832756913,0.594598798705367,0.804161551109264
"S3","dynamic",16,9,1,9,2,0,0.973964832756913,0.594598798705367,0.804161551109264
"S3","dynamic",16,9,2,18,0,0,0.973964832756913,0.594598798705367,0.804161551109264
"S3","dynamic",16,9,2,18,0.5,0,0.973964832756913,0.594598798705367,0.804161551109264
"S3","dynamic",16,9,2,18,1,0,0.973964832756913,0.594598798705367,0.804161551109264
"S3","dynamic",16,9,2,18,2,0,0.973964832756913,0.594598798705367,0.804161551109264
"S3","dynamic",16,9,4,36,0,0,0.973964832756913,0.594598798705367,0.804161551109264
"S3","dynamic",16,9,4,36,0.5,0,0.973964832756913,0.594598798705367,0.804161551109264
"S3","dynamic",16,9,4,36,1,0,0.973964832756913,0.594598798705367,0.804161551109264
"S3","dynamic",16,9,4,36,2,0,0.973964832756913,0.594598798705367,0.804161551109264
"S3","dynamic",16,9,8,72,0,0,0.973964832756913,0.594598798705367,0.804161551109264
"S3","dynamic",16,9,8,72,0.5,0,0.973964832756913,0.594598798705367,0.804161551109264
"S3","dynamic",16,9,8,72,1,0,0.973964832756913,0.594598798705367,0.804161551109264
"S3","dynamic",16,9,8,72,2,0,0.973964832756913,0.594598798705367,0.804161551109264
"S3","dynamic",16,9,12,108,0,0,0.973964832756913,0.594598798705367,0.804161551109264
"S3","dynamic",16,9,12,108,0.5,0,0.973964832756913,0.594598798705367,0.804161551109264
"S3","dynamic",16,9,12,108,1,0,0.973964832756913,0.594598798705367,0.804161551109264
"S3","dynamic",16,9,12,108,2,0,0.973964832756913,0.594598798705367,0.804161551109264
"S3","dynamic",16,9,24,216,0,0,0.973964832756913,0.594598798705367,0.804161551109264
"S3","dynamic",16,9,24,216,0.5,0,0.973964832756913,0.594598798705367,0.804161551109264
"S3","dynamic",16,9,24,216,1,0,0.973964832756913,0.594598798705367,0.804161551109264
"S3","dynamic",16,9,24,216,2,0,0.973964832756913,0.594598798705367,0.804161551109264
"S3","dynamic",17,1,1,1,0,0.4,0.786197877912118,0.786197877912118,0
"S3","dynamic",17,1,1,1,0.5,0.0466666666666667,0.786197877912118,0.786197877912118,0
"S3","dynamic",17,1,1,1,1,0.0533333333333333,0.786197877912118,0.786197877912118,0
"S3","dynamic",17,1,1,1,2,0.0666666666666667,0.786197877912118,0.786197877912118,0
"S3","dynamic",17,1,2,2,0,0.266666666666667,0.786197877912118,0.786197877912118,0
"S3","dynamic",17,1,2,2,0.5,0.02,0.786197877912118,0.786197877912118,0
"S3","dynamic",17,1,2,2,1,0.0266666666666667,0.786197877912118,0.786197877912118,0
"S3","dynamic",17,1,2,2,2,0.0333333333333333,0.786197877912118,0.786197877912118,0
"S3","dynamic",17,1,4,4,0,0.146666666666667,0.786197877912118,0.786197877912118,0
"S3","dynamic",17,1,4,4,0.5,0.0133333333333333,0.786197877912118,0.786197877912118,0
"S3","dynamic",17,1,4,4,1,0.00666666666666667,0.786197877912118,0.786197877912118,0
"S3","dynamic",17,1,4,4,2,0.02,0.786197877912118,0.786197877912118,0
"S3","dynamic",17,1,8,8,0,0.0333333333333333,0.786197877912118,0.786197877912118,0
"S3","dynamic",17,1,8,8,0.5,0,0.786197877912118,0.786197877912118,0
"S3","dynamic",17,1,8,8,1,0,0.786197877912118,0.786197877912118,0
"S3","dynamic",17,1,8,8,2,0,0.786197877912118,0.786197877912118,0
"S3","dynamic",17,1,12,12,0,0.0333333333333333,0.786197877912118,0.786197877912118,0
"S3","dynamic",17,1,12,12,0.5,0,0.786197877912118,0.786197877912118,0
"S3","dynamic",17,1,12,12,1,0,0.786197877912118,0.786197877912118,0
"S3","dynamic",17,1,12,12,2,0,0.786197877912118,0.786197877912118,0
"S3","dynamic",17,1,24,24,0,0,0.786197877912118,0.786197877912118,0
"S3","dynamic",17,1,24,24,0.5,0,0.786197877912118,0.786197877912118,0
"S3","dynamic",17,1,24,24,1,0,0.786197877912118,0.786197877912118,0
"S3","dynamic",17,1,24,24,2,0,0.786197877912118,0.786197877912118,0
"S3","dynamic",17,9,1,9,0,0.04,0.786028576492056,0.602721464785943,0.802893799616022
"S3","dynamic",17,9,1,9,0.5,0,0.786028576492056,0.602721464785943,0.802893799616022
"S3","dynamic",17,9,1,9,1,0.00666666666666667,0.786028576492056,0.602721464785943,0.802893799616022
"S3","dynamic",17,9,1,9,2,0.02,0.786028576492056,0.602721464785943,0.802893799616022
"S3","dynamic",17,9,2,18,0,0.00666666666666667,0.786028576492056,0.602721464785943,0.802893799616022
"S3","dynamic",17,9,2,18,0.5,0,0.786028576492056,0.602721464785943,0.802893799616022
"S3","dynamic",17,9,2,18,1,0,0.786028576492056,0.602721464785943,0.802893799616022
"S3","dynamic",17,9,2,18,2,0,0.786028576492056,0.602721464785943,0.802893799616022
"S3","dynamic",17,9,4,36,0,0,0.786028576492056,0.602721464785943,0.802893799616022
"S3","dynamic",17,9,4,36,0.5,0,0.786028576492056,0.602721464785943,0.802893799616022
"S3","dynamic",17,9,4,36,1,0,0.786028576492056,0.602721464785943,0.802893799616022
"S3","dynamic",17,9,4,36,2,0,0.786028576492056,0.602721464785943,0.802893799616022
"S3","dynamic",17,9,8,72,0,0,0.786028576492056,0.602721464785943,0.802893799616022
"S3","dynamic",17,9,8,72,0.5,0,0.786028576492056,0.602721464785943,0.802893799616022
"S3","dynamic",17,9,8,72,1,0,0.786028576492056,0.602721464785943,0.802893799616022
"S3","dynamic",17,9,8,72,2,0,0.786028576492056,0.602721464785943,0.802893799616022
"S3","dynamic",17,9,12,108,0,0,0.786028576492056,0.602721464785943,0.802893799616022
"S3","dynamic",17,9,12,108,0.5,0,0.786028576492056,0.602721464785943,0.802893799616022
"S3","dynamic",17,9,12,108,1,0,0.786028576492056,0.602721464785943,0.802893799616022
"S3","dynamic",17,9,12,108,2,0,0.786028576492056,0.602721464785943,0.802893799616022
"S3","dynamic",17,9,24,216,0,0,0.786028576492056,0.602721464785943,0.802893799616022
"S3","dynamic",17,9,24,216,0.5,0,0.786028576492056,0.602721464785943,0.802893799616022
"S3","dynamic",17,9,24,216,1,0,0.786028576492056,0.602721464785943,0.802893799616022
"S3","dynamic",17,9,24,216,2,0,0.786028576492056,0.602721464785943,0.802893799616022
"S3","dynamic",18,1,1,1,0,0.466666666666667,0.655827915333533,0.655827915333533,0
"S3","dynamic",18,1,1,1,0.5,0.0866666666666667,0.655827915333533,0.655827915333533,0
"S3","dynamic",18,1,1,1,1,0.0866666666666667,0.655827915333533,0.655827915333533,0
"S3","dynamic",18,1,1,1,2,0.0933333333333333,0.655827915333533,0.655827915333533,0
"S3","dynamic",18,1,2,2,0,0.366666666666667,0.655827915333533,0.655827915333533,0
"S3","dynamic",18,1,2,2,0.5,0.04,0.655827915333533,0.655827915333533,0
"S3","dynamic",18,1,2,2,1,0.0466666666666667,0.655827915333533,0.655827915333533,0
"S3","dynamic",18,1,2,2,2,0.0666666666666667,0.655827915333533,0.655827915333533,0
"S3","dynamic",18,1,4,4,0,0.133333333333333,0.655827915333533,0.655827915333533,0
"S3","dynamic",18,1,4,4,0.5,0.00666666666666667,0.655827915333533,0.655827915333533,0
"S3","dynamic",18,1,4,4,1,0.0266666666666667,0.655827915333533,0.655827915333533,0
"S3","dynamic",18,1,4,4,2,0.04,0.655827915333533,0.655827915333533,0
"S3","dynamic",18,1,8,8,0,0.0666666666666667,0.655827915333533,0.655827915333533,0
"S3","dynamic",18,1,8,8,0.5,0.00666666666666667,0.655827915333533,0.655827915333533,0
"S3","dynamic",18,1,8,8,1,0.0133333333333333,0.655827915333533,0.655827915333533,0
"S3","dynamic",18,1,8,8,2,0.02,0.655827915333533,0.655827915333533,0
"S3","dynamic",18,1,12,12,0,0.0133333333333333,0.655827915333533,0.655827915333533,0
"S3","dynamic",18,1,12,12,0.5,0.00666666666666667,0.655827915333533,0.655827915333533,0
"S3","dynamic",18,1,12,12,1,0,0.655827915333533,0.655827915333533,0
"S3","dynamic",18,1,12,12,2,0,0.655827915333533,0.655827915333533,0
"S3","dynamic",18,1,24,24,0,0,0.655827915333533,0.655827915333533,0
"S3","dynamic",18,1,24,24,0.5,0,0.655827915333533,0.655827915333533,0
"S3","dynamic",18,1,24,24,1,0,0.655827915333533,0.655827915333533,0
"S3","dynamic",18,1,24,24,2,0,0.655827915333533,0.655827915333533,0
"S3","dynamic",18,9,1,9,0,0.0666666666666667,6.47615957326522,0.614266015961502,0.811426387096322
"S3","dynamic",18,9,1,9,0.5,0,6.47615957326522,0.614266015961502,0.811426387096322
"S3","dynamic",18,9,1,9,1,0,6.47615957326522,0.614266015961502,0.811426387096322
"S3","dynamic",18,9,1,9,2,0,6.47615957326522,0.614266015961502,0.811426387096322
"S3","dynamic",18,9,2,18,0,0,6.47615957326522,0.614266015961502,0.811426387096322
"S3","dynamic",18,9,2,18,0.5,0,6.47615957326522,0.614266015961502,0.811426387096322
"S3","dynamic",18,9,2,18,1,0,6.47615957326522,0.614266015961502,0.811426387096322
"S3","dynamic",18,9,2,18,2,0,6.47615957326522,0.614266015961502,0.811426387096322
"S3","dynamic",18,9,4,36,0,0,6.47615957326522,0.614266015961502,0.811426387096322
"S3","dynamic",18,9,4,36,0.5,0,6.47615957326522,0.614266015961502,0.811426387096322
"S3","dynamic",18,9,4,36,1,0,6.47615957326522,0.614266015961502,0.811426387096322
"S3","dynamic",18,9,4,36,2,0,6.47615957326522,0.614266015961502,0.811426387096322
"S3","dynamic",18,9,8,72,0,0,6.47615957326522,0.614266015961502,0.811426387096322
"S3","dynamic",18,9,8,72,0.5,0,6.47615957326522,0.614266015961502,0.811426387096322
"S3","dynamic",18,9,8,72,1,0,6.47615957326522,0.614266015961502,0.811426387096322
"S3","dynamic",18,9,8,72,2,0,6.47615957326522,0.614266015961502,0.811426387096322
"S3","dynamic",18,9,12,108,0,0,6.47615957326522,0.614266015961502,0.811426387096322
"S3","dynamic",18,9,12,108,0.5,0,6.47615957326522,0.614266015961502,0.811426387096322
"S3","dynamic",18,9,12,108,1,0,6.47615957326522,0.614266015961502,0.811426387096322
"S3","dynamic",18,9,12,108,2,0,6.47615957326522,0.614266015961502,0.811426387096322
"S3","dynamic",18,9,24,216,0,0,6.47615957326522,0.614266015961502,0.811426387096322
"S3","dynamic",18,9,24,216,0.5,0,6.47615957326522,0.614266015961502,0.811426387096322
"S3","dynamic",18,9,24,216,1,0,6.47615957326522,0.614266015961502,0.811426387096322
"S3","dynamic",18,9,24,216,2,0,6.47615957326522,0.614266015961502,0.811426387096322
"S3","dynamic",19,1,1,1,0,0.466666666666667,0.767513938000406,0.767513938000406,0
"S3","dynamic",19,1,1,1,0.5,0.106666666666667,0.767513938000406,0.767513938000406,0
"S3","dynamic",19,1,1,1,1,0.106666666666667,0.767513938000406,0.767513938000406,0
"S3","dynamic",19,1,1,1,2,0.106666666666667,0.767513938000406,0.767513938000406,0
"S3","dynamic",19,1,2,2,0,0.346666666666667,0.767513938000406,0.767513938000406,0
"S3","dynamic",19,1,2,2,0.5,0.0533333333333333,0.767513938000406,0.767513938000406,0
"S3","dynamic",19,1,2,2,1,0.0533333333333333,0.767513938000406,0.767513938000406,0
"S3","dynamic",19,1,2,2,2,0.0666666666666667,0.767513938000406,0.767513938000406,0
"S3","dynamic",19,1,4,4,0,0.233333333333333,0.767513938000406,0.767513938000406,0
"S3","dynamic",19,1,4,4,0.5,0.02,0.767513938000406,0.767513938000406,0
"S3","dynamic",19,1,4,4,1,0.0333333333333333,0.767513938000406,0.767513938000406,0
"S3","dynamic",19,1,4,4,2,0.0533333333333333,0.767513938000406,0.767513938000406,0
"S3","dynamic",19,1,8,8,0,0.08,0.767513938000406,0.767513938000406,0
"S3","dynamic",19,1,8,8,0.5,0.0133333333333333,0.767513938000406,0.767513938000406,0
"S3","dynamic",19,1,8,8,1,0.00666666666666667,0.767513938000406,0.767513938000406,0
"S3","dynamic",19,1,8,8,2,0.0133333333333333,0.767513938000406,0.767513938000406,0
"S3","dynamic",19,1,12,12,0,0.0333333333333333,0.767513938000406,0.767513938000406,0
"S3","dynamic",19,1,12,12,0.5,0.0133333333333333,0.767513938000406,0.767513938000406,0
"S3","dynamic",19,1,12,12,1,0.0133333333333333,0.767513938000406,0.767513938000406,0
"S3","dynamic",19,1,12,12,2,0.00666666666666667,0.767513938000406,0.767513938000406,0
"S3","dynamic",19,1,24,24,0,0,0.767513938000406,0.767513938000406,0
"S3","dynamic",19,1,24,24,0.5,0.00666666666666667,0.767513938000406,0.767513938000406,0
"S3","dynamic",19,1,24,24,1,0.00666666666666667,0.767513938000406,0.767513938000406,0
"S3","dynamic",19,1,24,24,2,0.00666666666666667,0.767513938000406,0.767513938000406,0
"S3","dynamic",19,9,1,9,0,0.02,0.96989402640794,0.770177637402057,0.835184004267338
"S3","dynamic",19,9,1,9,0.5,0.00666666666666667,0.96989402640794,0.770177637402057,0.835184004267338
"S3","dynamic",19,9,1,9,1,0.00666666666666667,0.96989402640794,0.770177637402057,0.835184004267338
"S3","dynamic",19,9,1,9,2,0,0.96989402640794,0.770177637402057,0.835184004267338
"S3","dynamic",19,9,2,18,0,0,0.96989402640794,0.770177637402057,0.835184004267338
"S3","dynamic",19,9,2,18,0.5,0,0.96989402640794,0.770177637402057,0.835184004267338
"S3","dynamic",19,9,2,18,1,0,0.96989402640794,0.770177637402057,0.835184004267338
"S3","dynamic",19,9,2,18,2,0,0.96989402640794,0.770177637402057,0.835184004267338
"S3","dynamic",19,9,4,36,0,0,0.96989402640794,0.770177637402057,0.835184004267338
"S3","dynamic",19,9,4,36,0.5,0,0.96989402640794,0.770177637402057,0.835184004267338
"S3","dynamic",19,9,4,36,1,0,0.96989402640794,0.770177637402057,0.835184004267338
"S3","dynamic",19,9,4,36,2,0,0.96989402640794,0.770177637402057,0.835184004267338
"S3","dynamic",19,9,8,72,0,0,0.96989402640794,0.770177637402057,0.835184004267338
"S3","dynamic",19,9,8,72,0.5,0,0.96989402640794,0.770177637402057,0.835184004267338
"S3","dynamic",19,9,8,72,1,0,0.96989402640794,0.770177637402057,0.835184004267338
"S3","dynamic",19,9,8,72,2,0,0.96989402640794,0.770177637402057,0.835184004267338
"S3","dynamic",19,9,12,108,0,0,0.96989402640794,0.770177637402057,0.835184004267338
"S3","dynamic",19,9,12,108,0.5,0,0.96989402640794,0.770177637402057,0.835184004267338
"S3","dynamic",19,9,12,108,1,0,0.96989402640794,0.770177637402057,0.835184004267338
"S3","dynamic",19,9,12,108,2,0,0.96989402640794,0.770177637402057,0.835184004267338
"S3","dynamic",19,9,24,216,0,0,0.96989402640794,0.770177637402057,0.835184004267338
"S3","dynamic",19,9,24,216,0.5,0,0.96989402640794,0.770177637402057,0.835184004267338
"S3","dynamic",19,9,24,216,1,0,0.96989402640794,0.770177637402057,0.835184004267338
"S3","dynamic",19,9,24,216,2,0,0.96989402640794,0.770177637402057,0.835184004267338
"S3","dynamic",20,1,1,1,0,0.433333333333333,0.5403693019462,0.5403693019462,0
"S3","dynamic",20,1,1,1,0.5,0.1,0.5403693019462,0.5403693019462,0
"S3","dynamic",20,1,1,1,1,0.0933333333333333,0.5403693019462,0.5403693019462,0
"S3","dynamic",20,1,1,1,2,0.106666666666667,0.5403693019462,0.5403693019462,0
"S3","dynamic",20,1,2,2,0,0.313333333333333,0.5403693019462,0.5403693019462,0
"S3","dynamic",20,1,2,2,0.5,0.0733333333333333,0.5403693019462,0.5403693019462,0
"S3","dynamic",20,1,2,2,1,0.08,0.5403693019462,0.5403693019462,0
"S3","dynamic",20,1,2,2,2,0.0933333333333333,0.5403693019462,0.5403693019462,0
"S3","dynamic",20,1,4,4,0,0.2,0.5403693019462,0.5403693019462,0
"S3","dynamic",20,1,4,4,0.5,0.0333333333333333,0.5403693019462,0.5403693019462,0
"S3","dynamic",20,1,4,4,1,0.06,0.5403693019462,0.5403693019462,0
"S3","dynamic",20,1,4,4,2,0.0866666666666667,0.5403693019462,0.5403693019462,0
"S3","dynamic",20,1,8,8,0,0.08,0.5403693019462,0.5403693019462,0
"S3","dynamic",20,1,8,8,0.5,0,0.5403693019462,0.5403693019462,0
"S3","dynamic",20,1,8,8,1,0.00666666666666667,0.5403693019462,0.5403693019462,0
"S3","dynamic",20,1,8,8,2,0.02,0.5403693019462,0.5403693019462,0
"S3","dynamic",20,1,12,12,0,0.04,0.5403693019462,0.5403693019462,0
"S3","dynamic",20,1,12,12,0.5,0,0.5403693019462,0.5403693019462,0
"S3","dynamic",20,1,12,12,1,0,0.5403693019462,0.5403693019462,0
"S3","dynamic",20,1,12,12,2,0.02,0.5403693019462,0.5403693019462,0
"S3","dynamic",20,1,24,24,0,0,0.5403693019462,0.5403693019462,0
"S3","dynamic",20,1,24,24,0.5,0,0.5403693019462,0.5403693019462,0
"S3","dynamic",20,1,24,24,1,0,0.5403693019462,0.5403693019462,0
"S3","dynamic",20,1,24,24,2,0.00666666666666667,0.5403693019462,0.5403693019462,0
"S3","dynamic",20,9,1,9,0,0.06,6.4018476217958,0.750444745555869,0.868299011748358
"S3","dynamic",20,9,1,9,0.5,0,6.4018476217958,0.750444745555869,0.868299011748358
"S3","dynamic",20,9,1,9,1,0.00666666666666667,6.4018476217958,0.750444745555869,0.868299011748358
"S3","dynamic",20,9,1,9,2,0.02,6.4018476217958,0.750444745555869,0.868299011748358
"S3","dynamic",20,9,2,18,0,0,6.4018476217958,0.750444745555869,0.868299011748358
"S3","dynamic",20,9,2,18,0.5,0,6.4018476217958,0.750444745555869,0.868299011748358
"S3","dynamic",20,9,2,18,1,0,6.4018476217958,0.750444745555869,0.868299011748358
"S3","dynamic",20,9,2,18,2,0.00666666666666667,6.4018476217958,0.750444745555869,0.868299011748358
"S3","dynamic",20,9,4,36,0,0,6.4018476217958,0.750444745555869,0.868299011748358
"S3","dynamic",20,9,4,36,0.5,0,6.4018476217958,0.750444745555869,0.868299011748358
"S3","dynamic",20,9,4,36,1,0,6.4018476217958,0.750444745555869,0.868299011748358
"S3","dynamic",20,9,4,36,2,0,6.4018476217958,0.750444745555869,0.868299011748358
"S3","dynamic",20,9,8,72,0,0,6.4018476217958,0.750444745555869,0.868299011748358
"S3","dynamic",20,9,8,72,0.5,0,6.4018476217958,0.750444745555869,0.868299011748358
"S3","dynamic",20,9,8,72,1,0,6.4018476217958,0.750444745555869,0.868299011748358
"S3","dynamic",20,9,8,72,2,0,6.4018476217958,0.750444745555869,0.868299011748358
"S3","dynamic",20,9,12,108,0,0,6.4018476217958,0.750444745555869,0.868299011748358
"S3","dynamic",20,9,12,108,0.5,0,6.4018476217958,0.750444745555869,0.868299011748358
"S3","dynamic",20,9,12,108,1,0,6.4018476217958,0.750444745555869,0.868299011748358
"S3","dynamic",20,9,12,108,2,0,6.4018476217958,0.750444745555869,0.868299011748358
"S3","dynamic",20,9,24,216,0,0,6.4018476217958,0.750444745555869,0.868299011748358
"S3","dynamic",20,9,24,216,0.5,0,6.4018476217958,0.750444745555869,0.868299011748358
"S3","dynamic",20,9,24,216,1,0,6.4018476217958,0.750444745555869,0.868299011748358
"S3","dynamic",20,9,24,216,2,0,6.4018476217958,0.750444745555869,0.868299011748358
"S3","dynamic",21,1,1,1,0,0.393333333333333,0.848653065994065,0.848653065994065,0
"S3","dynamic",21,1,1,1,0.5,0.0533333333333333,0.848653065994065,0.848653065994065,0
"S3","dynamic",21,1,1,1,1,0.04,0.848653065994065,0.848653065994065,0
"S3","dynamic",21,1,1,1,2,0.0466666666666667,0.848653065994065,0.848653065994065,0
"S3","dynamic",21,1,2,2,0,0.253333333333333,0.848653065994065,0.848653065994065,0
"S3","dynamic",21,1,2,2,0.5,0.06,0.848653065994065,0.848653065994065,0
"S3","dynamic",21,1,2,2,1,0.06,0.848653065994065,0.848653065994065,0
"S3","dynamic",21,1,2,2,2,0.0666666666666667,0.848653065994065,0.848653065994065,0
"S3","dynamic",21,1,4,4,0,0.213333333333333,0.848653065994065,0.848653065994065,0
"S3","dynamic",21,1,4,4,0.5,0.0266666666666667,0.848653065994065,0.848653065994065,0
"S3","dynamic",21,1,4,4,1,0.0333333333333333,0.848653065994065,0.848653065994065,0
"S3","dynamic",21,1,4,4,2,0.04,0.848653065994065,0.848653065994065,0
"S3","dynamic",21,1,8,8,0,0.106666666666667,0.848653065994065,0.848653065994065,0
"S3","dynamic",21,1,8,8,0.5,0.02,0.848653065994065,0.848653065994065,0
"S3","dynamic",21,1,8,8,1,0.02,0.848653065994065,0.848653065994065,0
"S3","dynamic",21,1,8,8,2,0.02,0.848653065994065,0.848653065994065,0
"S3","dynamic",21,1,12,12,0,0.0133333333333333,0.848653065994065,0.848653065994065,0
"S3","dynamic",21,1,12,12,0.5,0,0.848653065994065,0.848653065994065,0
"S3","dynamic",21,1,12,12,1,0.00666666666666667,0.848653065994065,0.848653065994065,0
"S3","dynamic",21,1,12,12,2,0.00666666666666667,0.848653065994065,0.848653065994065,0
"S3","dynamic",21,1,24,24,0,0.00666666666666667,0.848653065994065,0.848653065994065,0
"S3","dynamic",21,1,24,24,0.5,0,0.848653065994065,0.848653065994065,0
"S3","dynamic",21,1,24,24,1,0,0.848653065994065,0.848653065994065,0
"S3","dynamic",21,1,24,24,2,0,0.848653065994065,0.848653065994065,0
"S3","dynamic",21,9,1,9,0,0.0133333333333333,0.857259675855933,0.621450371524993,0.81926370373756
"S3","dynamic",21,9,1,9,0.5,0.00666666666666667,0.857259675855933,0.621450371524993,0.81926370373756
"S3","dynamic",21,9,1,9,1,0.00666666666666667,0.857259675855933,0.621450371524993,0.81926370373756
"S3","dynamic",21,9,1,9,2,0.00666666666666667,0.857259675855933,0.621450371524993,0.81926370373756
"S3","dynamic",21,9,2,18,0,0,0.857259675855933,0.621450371524993,0.81926370373756
"S3","dynamic",21,9,2,18,0.5,0,0.857259675855933,0.621450371524993,0.81926370373756
"S3","dynamic",21,9,2,18,1,0,0.857259675855933,0.621450371524993,0.81926370373756
"S3","dynamic",21,9,2,18,2,0,0.857259675855933,0.621450371524993,0.81926370373756
"S3","dynamic",21,9,4,36,0,0,0.857259675855933,0.621450371524993,0.81926370373756
"S3","dynamic",21,9,4,36,0.5,0,0.857259675855933,0.621450371524993,0.81926370373756
"S3","dynamic",21,9,4,36,1,0,0.857259675855933,0.621450371524993,0.81926370373756
"S3","dynamic",21,9,4,36,2,0,0.857259675855933,0.621450371524993,0.81926370373756
"S3","dynamic",21,9,8,72,0,0,0.857259675855933,0.621450371524993,0.81926370373756
"S3","dynamic",21,9,8,72,0.5,0,0.857259675855933,0.621450371524993,0.81926370373756
"S3","dynamic",21,9,8,72,1,0,0.857259675855933,0.621450371524993,0.81926370373756
"S3","dynamic",21,9,8,72,2,0,0.857259675855933,0.621450371524993,0.81926370373756
"S3","dynamic",21,9,12,108,0,0,0.857259675855933,0.621450371524993,0.81926370373756
"S3","dynamic",21,9,12,108,0.5,0,0.857259675855933,0.621450371524993,0.81926370373756
"S3","dynamic",21,9,12,108,1,0,0.857259675855933,0.621450371524993,0.81926370373756
"S3","dynamic",21,9,12,108,2,0,0.857259675855933,0.621450371524993,0.81926370373756
"S3","dynamic",21,9,24,216,0,0,0.857259675855933,0.621450371524993,0.81926370373756
"S3","dynamic",21,9,24,216,0.5,0,0.857259675855933,0.621450371524993,0.81926370373756
"S3","dynamic",21,9,24,216,1,0,0.857259675855933,0.621450371524993,0.81926370373756
"S3","dynamic",21,9,24,216,2,0,0.857259675855933,0.621450371524993,0.81926370373756
"S3","dynamic",22,1,1,1,0,0.513333333333333,0.756639820896451,0.756639820896451,0
"S3","dynamic",22,1,1,1,0.5,0.08,0.756639820896451,0.756639820896451,0
"S3","dynamic",22,1,1,1,1,0.08,0.756639820896451,0.756639820896451,0
"S3","dynamic",22,1,1,1,2,0.0866666666666667,0.756639820896451,0.756639820896451,0
"S3","dynamic",22,1,2,2,0,0.36,0.756639820896451,0.756639820896451,0
"S3","dynamic",22,1,2,2,0.5,0.0533333333333333,0.756639820896451,0.756639820896451,0
"S3","dynamic",22,1,2,2,1,0.0666666666666667,0.756639820896451,0.756639820896451,0
"S3","dynamic",22,1,2,2,2,0.0733333333333333,0.756639820896451,0.756639820896451,0
"S3","dynamic",22,1,4,4,0,0.153333333333333,0.756639820896451,0.756639820896451,0
"S3","dynamic",22,1,4,4,0.5,0.0133333333333333,0.756639820896451,0.756639820896451,0
"S3","dynamic",22,1,4,4,1,0.0133333333333333,0.756639820896451,0.756639820896451,0
"S3","dynamic",22,1,4,4,2,0.0466666666666667,0.756639820896451,0.756639820896451,0
"S3","dynamic",22,1,8,8,0,0.0533333333333333,0.756639820896451,0.756639820896451,0
"S3","dynamic",22,1,8,8,0.5,0.00666666666666667,0.756639820896451,0.756639820896451,0
"S3","dynamic",22,1,8,8,1,0,0.756639820896451,0.756639820896451,0
"S3","dynamic",22,1,8,8,2,0.00666666666666667,0.756639820896451,0.756639820896451,0
"S3","dynamic",22,1,12,12,0,0.00666666666666667,0.756639820896451,0.756639820896451,0
"S3","dynamic",22,1,12,12,0.5,0.00666666666666667,0.756639820896451,0.756639820896451,0
"S3","dynamic",22,1,12,12,1,0,0.756639820896451,0.756639820896451,0
"S3","dynamic",22,1,12,12,2,0,0.756639820896451,0.756639820896451,0
"S3","dynamic",22,1,24,24,0,0,0.756639820896451,0.756639820896451,0
"S3","dynamic",22,1,24,24,0.5,0,0.756639820896451,0.756639820896451,0
"S3","dynamic",22,1,24,24,1,0,0.756639820896451,0.756639820896451,0
"S3","dynamic",22,1,24,24,2,0,0.756639820896451,0.756639820896451,0
"S3","dynamic",22,9,1,9,0,0.02,0.850404935213542,0.735021840176026,0.803051678471613
"S3","dynamic",22,9,1,9,0.5,0.00666666666666667,0.850404935213542,0.735021840176026,0.803051678471613
"S3","dynamic",22,9,1,9,1,0.0133333333333333,0.850404935213542,0.735021840176026,0.803051678471613
"S3","dynamic",22,9,1,9,2,0.00666666666666667,0.850404935213542,0.735021840176026,0.803051678471613
"S3","dynamic",22,9,2,18,0,0.00666666666666667,0.850404935213542,0.735021840176026,0.803051678471613
"S3","dynamic",22,9,2,18,0.5,0,0.850404935213542,0.735021840176026,0.803051678471613
"S3","dynamic",22,9,2,18,1,0,0.850404935213542,0.735021840176026,0.803051678471613
"S3","dynamic",22,9,2,18,2,0,0.850404935213542,0.735021840176026,0.803051678471613
"S3","dynamic",22,9,4,36,0,0,0.850404935213542,0.735021840176026,0.803051678471613
"S3","dynamic",22,9,4,36,0.5,0,0.850404935213542,0.735021840176026,0.803051678471613
"S3","dynamic",22,9,4,36,1,0,0.850404935213542,0.735021840176026,0.803051678471613
"S3","dynamic",22,9,4,36,2,0,0.850404935213542,0.735021840176026,0.803051678471613
"S3","dynamic",22,9,8,72,0,0,0.850404935213542,0.735021840176026,0.803051678471613
"S3","dynamic",22,9,8,72,0.5,0,0.850404935213542,0.735021840176026,0.803051678471613
"S3","dynamic",22,9,8,72,1,0,0.850404935213542,0.735021840176026,0.803051678471613
"S3","dynamic",22,9,8,72,2,0,0.850404935213542,0.735021840176026,0.803051678471613
"S3","dynamic",22,9,12,108,0,0,0.850404935213542,0.735021840176026,0.803051678471613
"S3","dynamic",22,9,12,108,0.5,0,0.850404935213542,0.735021840176026,0.803051678471613
"S3","dynamic",22,9,12,108,1,0,0.850404935213542,0.735021840176026,0.803051678471613
"S3","dynamic",22,9,12,108,2,0,0.850404935213542,0.735021840176026,0.803051678471613
"S3","dynamic",22,9,24,216,0,0,0.850404935213542,0.735021840176026,0.803051678471613
"S3","dynamic",22,9,24,216,0.5,0,0.850404935213542,0.735021840176026,0.803051678471613
"S3","dynamic",22,9,24,216,1,0,0.850404935213542,0.735021840176026,0.803051678471613
"S3","dynamic",22,9,24,216,2,0,0.850404935213542,0.735021840176026,0.803051678471613
"S3","dynamic",23,1,1,1,0,0.453333333333333,0.680815702293731,0.680815702293731,0
"S3","dynamic",23,1,1,1,0.5,0.0733333333333333,0.680815702293731,0.680815702293731,0
"S3","dynamic",23,1,1,1,1,0.04,0.680815702293731,0.680815702293731,0
"S3","dynamic",23,1,1,1,2,0.0466666666666667,0.680815702293731,0.680815702293731,0
"S3","dynamic",23,1,2,2,0,0.26,0.680815702293731,0.680815702293731,0
"S3","dynamic",23,1,2,2,0.5,0.04,0.680815702293731,0.680815702293731,0
"S3","dynamic",23,1,2,2,1,0.04,0.680815702293731,0.680815702293731,0
"S3","dynamic",23,1,2,2,2,0.0533333333333333,0.680815702293731,0.680815702293731,0
"S3","dynamic",23,1,4,4,0,0.1,0.680815702293731,0.680815702293731,0
"S3","dynamic",23,1,4,4,0.5,0.02,0.680815702293731,0.680815702293731,0
"S3","dynamic",23,1,4,4,1,0.02,0.680815702293731,0.680815702293731,0
"S3","dynamic",23,1,4,4,2,0.04,0.680815702293731,0.680815702293731,0
"S3","dynamic",23,1,8,8,0,0.0133333333333333,0.680815702293731,0.680815702293731,0
"S3","dynamic",23,1,8,8,0.5,0.00666666666666667,0.680815702293731,0.680815702293731,0
"S3","dynamic",23,1,8,8,1,0.00666666666666667,0.680815702293731,0.680815702293731,0
"S3","dynamic",23,1,8,8,2,0.0266666666666667,0.680815702293731,0.680815702293731,0
"S3","dynamic",23,1,12,12,0,0,0.680815702293731,0.680815702293731,0
"S3","dynamic",23,1,12,12,0.5,0,0.680815702293731,0.680815702293731,0
"S3","dynamic",23,1,12,12,1,0,0.680815702293731,0.680815702293731,0
"S3","dynamic",23,1,12,12,2,0,0.680815702293731,0.680815702293731,0
"S3","dynamic",23,1,24,24,0,0,0.680815702293731,0.680815702293731,0
"S3","dynamic",23,1,24,24,0.5,0,0.680815702293731,0.680815702293731,0
"S3","dynamic",23,1,24,24,1,0,0.680815702293731,0.680815702293731,0
"S3","dynamic",23,1,24,24,2,0,0.680815702293731,0.680815702293731,0
"S3","dynamic",23,9,1,9,0,0.02,12.7510228187941,0.713998455890097,0.843148087871944
"S3","dynamic",23,9,1,9,0.5,0,12.7510228187941,0.713998455890097,0.843148087871944
"S3","dynamic",23,9,1,9,1,0,12.7510228187941,0.713998455890097,0.843148087871944
"S3","dynamic",23,9,1,9,2,0.00666666666666667,12.7510228187941,0.713998455890097,0.843148087871944
"S3","dynamic",23,9,2,18,0,0,12.7510228187941,0.713998455890097,0.843148087871944
"S3","dynamic",23,9,2,18,0.5,0,12.7510228187941,0.713998455890097,0.843148087871944
"S3","dynamic",23,9,2,18,1,0,12.7510228187941,0.713998455890097,0.843148087871944
"S3","dynamic",23,9,2,18,2,0,12.7510228187941,0.713998455890097,0.843148087871944
"S3","dynamic",23,9,4,36,0,0,12.7510228187941,0.713998455890097,0.843148087871944
"S3","dynamic",23,9,4,36,0.5,0,12.7510228187941,0.713998455890097,0.843148087871944
"S3","dynamic",23,9,4,36,1,0,12.7510228187941,0.713998455890097,0.843148087871944
"S3","dynamic",23,9,4,36,2,0,12.7510228187941,0.713998455890097,0.843148087871944
"S3","dynamic",23,9,8,72,0,0,12.7510228187941,0.713998455890097,0.843148087871944
"S3","dynamic",23,9,8,72,0.5,0,12.7510228187941,0.713998455890097,0.843148087871944
"S3","dynamic",23,9,8,72,1,0,12.7510228187941,0.713998455890097,0.843148087871944
"S3","dynamic",23,9,8,72,2,0,12.7510228187941,0.713998455890097,0.843148087871944
"S3","dynamic",23,9,12,108,0,0,12.7510228187941,0.713998455890097,0.843148087871944
"S3","dynamic",23,9,12,108,0.5,0,12.7510228187941,0.713998455890097,0.843148087871944
"S3","dynamic",23,9,12,108,1,0,12.7510228187941,0.713998455890097,0.843148087871944
"S3","dynamic",23,9,12,108,2,0,12.7510228187941,0.713998455890097,0.843148087871944
"S3","dynamic",23,9,24,216,0,0,12.7510228187941,0.713998455890097,0.843148087871944
"S3","dynamic",23,9,24,216,0.5,0,12.7510228187941,0.713998455890097,0.843148087871944
"S3","dynamic",23,9,24,216,1,0,12.7510228187941,0.713998455890097,0.843148087871944
"S3","dynamic",23,9,24,216,2,0,12.7510228187941,0.713998455890097,0.843148087871944
"S3","dynamic",24,1,1,1,0,0.426666666666667,0.606118434787327,0.606118434787327,0
"S3","dynamic",24,1,1,1,0.5,0.08,0.606118434787327,0.606118434787327,0
"S3","dynamic",24,1,1,1,1,0.0866666666666667,0.606118434787327,0.606118434787327,0
"S3","dynamic",24,1,1,1,2,0.106666666666667,0.606118434787327,0.606118434787327,0
"S3","dynamic",24,1,2,2,0,0.333333333333333,0.606118434787327,0.606118434787327,0
"S3","dynamic",24,1,2,2,0.5,0.0733333333333333,0.606118434787327,0.606118434787327,0
"S3","dynamic",24,1,2,2,1,0.0733333333333333,0.606118434787327,0.606118434787327,0
"S3","dynamic",24,1,2,2,2,0.0933333333333333,0.606118434787327,0.606118434787327,0
"S3","dynamic",24,1,4,4,0,0.22,0.606118434787327,0.606118434787327,0
"S3","dynamic",24,1,4,4,0.5,0.0466666666666667,0.606118434787327,0.606118434787327,0
"S3","dynamic",24,1,4,4,1,0.0333333333333333,0.606118434787327,0.606118434787327,0
"S3","dynamic",24,1,4,4,2,0.06,0.606118434787327,0.606118434787327,0
"S3","dynamic",24,1,8,8,0,0.06,0.606118434787327,0.606118434787327,0
"S3","dynamic",24,1,8,8,0.5,0.00666666666666667,0.606118434787327,0.606118434787327,0
"S3","dynamic",24,1,8,8,1,0.0133333333333333,0.606118434787327,0.606118434787327,0
"S3","dynamic",24,1,8,8,2,0.02,0.606118434787327,0.606118434787327,0
"S3","dynamic",24,1,12,12,0,0.02,0.606118434787327,0.606118434787327,0
"S3","dynamic",24,1,12,12,0.5,0,0.606118434787327,0.606118434787327,0
"S3","dynamic",24,1,12,12,1,0,0.606118434787327,0.606118434787327,0
"S3","dynamic",24,1,12,12,2,0,0.606118434787327,0.606118434787327,0
"S3","dynamic",24,1,24,24,0,0,0.606118434787327,0.606118434787327,0
"S3","dynamic",24,1,24,24,0.5,0,0.606118434787327,0.606118434787327,0
"S3","dynamic",24,1,24,24,1,0,0.606118434787327,0.606118434787327,0
"S3","dynamic",24,1,24,24,2,0,0.606118434787327,0.606118434787327,0
"S3","dynamic",24,9,1,9,0,0.0333333333333333,1.04072296347783,0.67592952996605,0.805844661511328
"S3","dynamic",24,9,1,9,0.5,0,1.04072296347783,0.67592952996605,0.805844661511328
"S3","dynamic",24,9,1,9,1,0,1.04072296347783,0.67592952996605,0.805844661511328
"S3","dynamic",24,9,1,9,2,0.00666666666666667,1.04072296347783,0.67592952996605,0.805844661511328
"S3","dynamic",24,9,2,18,0,0.00666666666666667,1.04072296347783,0.67592952996605,0.805844661511328
"S3","dynamic",24,9,2,18,0.5,0,1.04072296347783,0.67592952996605,0.805844661511328
"S3","dynamic",24,9,2,18,1,0,1.04072296347783,0.67592952996605,0.805844661511328
"S3","dynamic",24,9,2,18,2,0,1.04072296347783,0.67592952996605,0.805844661511328
"S3","dynamic",24,9,4,36,0,0,1.04072296347783,0.67592952996605,0.805844661511328
"S3","dynamic",24,9,4,36,0.5,0,1.04072296347783,0.67592952996605,0.805844661511328
"S3","dynamic",24,9,4,36,1,0,1.04072296347783,0.67592952996605,0.805844661511328
"S3","dynamic",24,9,4,36,2,0,1.04072296347783,0.67592952996605,0.805844661511328
"S3","dynamic",24,9,8,72,0,0,1.04072296347783,0.67592952996605,0.805844661511328
"S3","dynamic",24,9,8,72,0.5,0,1.04072296347783,0.67592952996605,0.805844661511328
"S3","dynamic",24,9,8,72,1,0,1.04072296347783,0.67592952996605,0.805844661511328
"S3","dynamic",24,9,8,72,2,0,1.04072296347783,0.67592952996605,0.805844661511328
"S3","dynamic",24,9,12,108,0,0,1.04072296347783,0.67592952996605,0.805844661511328
"S3","dynamic",24,9,12,108,0.5,0,1.04072296347783,0.67592952996605,0.805844661511328
"S3","dynamic",24,9,12,108,1,0,1.04072296347783,0.67592952996605,0.805844661511328
"S3","dynamic",24,9,12,108,2,0,1.04072296347783,0.67592952996605,0.805844661511328
"S3","dynamic",24,9,24,216,0,0,1.04072296347783,0.67592952996605,0.805844661511328
"S3","dynamic",24,9,24,216,0.5,0,1.04072296347783,0.67592952996605,0.805844661511328
"S3","dynamic",24,9,24,216,1,0,1.04072296347783,0.67592952996605,0.805844661511328
"S3","dynamic",24,9,24,216,2,0,1.04072296347783,0.67592952996605,0.805844661511328
"S3","dynamic",25,1,1,1,0,0.46,0.67233028943382,0.67233028943382,0
"S3","dynamic",25,1,1,1,0.5,0.0666666666666667,0.67233028943382,0.67233028943382,0
"S3","dynamic",25,1,1,1,1,0.0666666666666667,0.67233028943382,0.67233028943382,0
"S3","dynamic",25,1,1,1,2,0.08,0.67233028943382,0.67233028943382,0
"S3","dynamic",25,1,2,2,0,0.32,0.67233028943382,0.67233028943382,0
"S3","dynamic",25,1,2,2,0.5,0.04,0.67233028943382,0.67233028943382,0
"S3","dynamic",25,1,2,2,1,0.0533333333333333,0.67233028943382,0.67233028943382,0
"S3","dynamic",25,1,2,2,2,0.06,0.67233028943382,0.67233028943382,0
"S3","dynamic",25,1,4,4,0,0.133333333333333,0.67233028943382,0.67233028943382,0
"S3","dynamic",25,1,4,4,0.5,0.02,0.67233028943382,0.67233028943382,0
"S3","dynamic",25,1,4,4,1,0.02,0.67233028943382,0.67233028943382,0
"S3","dynamic",25,1,4,4,2,0.0333333333333333,0.67233028943382,0.67233028943382,0
"S3","dynamic",25,1,8,8,0,0.04,0.67233028943382,0.67233028943382,0
"S3","dynamic",25,1,8,8,0.5,0.0133333333333333,0.67233028943382,0.67233028943382,0
"S3","dynamic",25,1,8,8,1,0.0133333333333333,0.67233028943382,0.67233028943382,0
"S3","dynamic",25,1,8,8,2,0.0133333333333333,0.67233028943382,0.67233028943382,0
"S3","dynamic",25,1,12,12,0,0.02,0.67233028943382,0.67233028943382,0
"S3","dynamic",25,1,12,12,0.5,0.00666666666666667,0.67233028943382,0.67233028943382,0
"S3","dynamic",25,1,12,12,1,0,0.67233028943382,0.67233028943382,0
"S3","dynamic",25,1,12,12,2,0,0.67233028943382,0.67233028943382,0
"S3","dynamic",25,1,24,24,0,0,0.67233028943382,0.67233028943382,0
"S3","dynamic",25,1,24,24,0.5,0,0.67233028943382,0.67233028943382,0
"S3","dynamic",25,1,24,24,1,0,0.67233028943382,0.67233028943382,0
"S3","dynamic",25,1,24,24,2,0,0.67233028943382,0.67233028943382,0
"S3","dynamic",25,9,1,9,0,0.06,0.893861743739844,0.739092638829704,0.830395946645947
"S3","dynamic",25,9,1,9,0.5,0.0133333333333333,0.893861743739844,0.739092638829704,0.830395946645947
"S3","dynamic",25,9,1,9,1,0.00666666666666667,0.893861743739844,0.739092638829704,0.830395946645947
"S3","dynamic",25,9,1,9,2,0.02,0.893861743739844,0.739092638829704,0.830395946645947
"S3","dynamic",25,9,2,18,0,0.00666666666666667,0.893861743739844,0.739092638829704,0.830395946645947
"S3","dynamic",25,9,2,18,0.5,0,0.893861743739844,0.739092638829704,0.830395946645947
"S3","dynamic",25,9,2,18,1,0,0.893861743739844,0.739092638829704,0.830395946645947
"S3","dynamic",25,9,2,18,2,0,0.893861743739844,0.739092638829704,0.830395946645947
"S3","dynamic",25,9,4,36,0,0,0.893861743739844,0.739092638829704,0.830395946645947
"S3","dynamic",25,9,4,36,0.5,0,0.893861743739844,0.739092638829704,0.830395946645947
"S3","dynamic",25,9,4,36,1,0,0.893861743739844,0.739092638829704,0.830395946645947
"S3","dynamic",25,9,4,36,2,0,0.893861743739844,0.739092638829704,0.830395946645947
"S3","dynamic",25,9,8,72,0,0,0.893861743739844,0.739092638829704,0.830395946645947
"S3","dynamic",25,9,8,72,0.5,0,0.893861743739844,0.739092638829704,0.830395946645947
"S3","dynamic",25,9,8,72,1,0,0.893861743739844,0.739092638829704,0.830395946645947
"S3","dynamic",25,9,8,72,2,0,0.893861743739844,0.739092638829704,0.830395946645947
"S3","dynamic",25,9,12,108,0,0,0.893861743739844,0.739092638829704,0.830395946645947
"S3","dynamic",25,9,12,108,0.5,0,0.893861743739844,0.739092638829704,0.830395946645947
"S3","dynamic",25,9,12,108,1,0,0.893861743739844,0.739092638829704,0.830395946645947
"S3","dynamic",25,9,12,108,2,0,0.893861743739844,0.739092638829704,0.830395946645947
"S3","dynamic",25,9,24,216,0,0,0.893861743739844,0.739092638829704,0.830395946645947
"S3","dynamic",25,9,24,216,0.5,0,0.893861743739844,0.739092638829704,0.830395946645947
"S3","dynamic",25,9,24,216,1,0,0.893861743739844,0.739092638829704,0.830395946645947
"S3","dynamic",25,9,24,216,2,0,0.893861743739844,0.739092638829704,0.830395946645947
"S3","dynamic",26,1,1,1,0,0.44,0.628148435706261,0.628148435706261,0
"S3","dynamic",26,1,1,1,0.5,0.0733333333333333,0.628148435706261,0.628148435706261,0
"S3","dynamic",26,1,1,1,1,0.08,0.628148435706261,0.628148435706261,0
"S3","dynamic",26,1,1,1,2,0.106666666666667,0.628148435706261,0.628148435706261,0
"S3","dynamic",26,1,2,2,0,0.306666666666667,0.628148435706261,0.628148435706261,0
"S3","dynamic",26,1,2,2,0.5,0.08,0.628148435706261,0.628148435706261,0
"S3","dynamic",26,1,2,2,1,0.0666666666666667,0.628148435706261,0.628148435706261,0
"S3","dynamic",26,1,2,2,2,0.113333333333333,0.628148435706261,0.628148435706261,0
"S3","dynamic",26,1,4,4,0,0.12,0.628148435706261,0.628148435706261,0
"S3","dynamic",26,1,4,4,0.5,0.0333333333333333,0.628148435706261,0.628148435706261,0
"S3","dynamic",26,1,4,4,1,0.0333333333333333,0.628148435706261,0.628148435706261,0
"S3","dynamic",26,1,4,4,2,0.06,0.628148435706261,0.628148435706261,0
"S3","dynamic",26,1,8,8,0,0.04,0.628148435706261,0.628148435706261,0
"S3","dynamic",26,1,8,8,0.5,0.0133333333333333,0.628148435706261,0.628148435706261,0
"S3","dynamic",26,1,8,8,1,0.02,0.628148435706261,0.628148435706261,0
"S3","dynamic",26,1,8,8,2,0.0133333333333333,0.628148435706261,0.628148435706261,0
"S3","dynamic",26,1,12,12,0,0.00666666666666667,0.628148435706261,0.628148435706261,0
"S3","dynamic",26,1,12,12,0.5,0,0.628148435706261,0.628148435706261,0
"S3","dynamic",26,1,12,12,1,0,0.628148435706261,0.628148435706261,0
"S3","dynamic",26,1,12,12,2,0.00666666666666667,0.628148435706261,0.628148435706261,0
"S3","dynamic",26,1,24,24,0,0,0.628148435706261,0.628148435706261,0
"S3","dynamic",26,1,24,24,0.5,0,0.628148435706261,0.628148435706261,0
"S3","dynamic",26,1,24,24,1,0,0.628148435706261,0.628148435706261,0
"S3","dynamic",26,1,24,24,2,0,0.628148435706261,0.628148435706261,0
"S3","dynamic",26,9,1,9,0,0.0933333333333333,4.29231616015471,0.758690440997546,0.833826303326303
"S3","dynamic",26,9,1,9,0.5,0.0266666666666667,4.29231616015471,0.758690440997546,0.833826303326303
"S3","dynamic",26,9,1,9,1,0.02,4.29231616015471,0.758690440997546,0.833826303326303
"S3","dynamic",26,9,1,9,2,0.0266666666666667,4.29231616015471,0.758690440997546,0.833826303326303
"S3","dynamic",26,9,2,18,0,0.00666666666666667,4.29231616015471,0.758690440997546,0.833826303326303
"S3","dynamic",26,9,2,18,0.5,0,4.29231616015471,0.758690440997546,0.833826303326303
"S3","dynamic",26,9,2,18,1,0,4.29231616015471,0.758690440997546,0.833826303326303
"S3","dynamic",26,9,2,18,2,0.00666666666666667,4.29231616015471,0.758690440997546,0.833826303326303
"S3","dynamic",26,9,4,36,0,0,4.29231616015471,0.758690440997546,0.833826303326303
"S3","dynamic",26,9,4,36,0.5,0,4.29231616015471,0.758690440997546,0.833826303326303
"S3","dynamic",26,9,4,36,1,0,4.29231616015471,0.758690440997546,0.833826303326303
"S3","dynamic",26,9,4,36,2,0,4.29231616015471,0.758690440997546,0.833826303326303
"S3","dynamic",26,9,8,72,0,0,4.29231616015471,0.758690440997546,0.833826303326303
"S3","dynamic",26,9,8,72,0.5,0,4.29231616015471,0.758690440997546,0.833826303326303
"S3","dynamic",26,9,8,72,1,0,4.29231616015471,0.758690440997546,0.833826303326303
"S3","dynamic",26,9,8,72,2,0,4.29231616015471,0.758690440997546,0.833826303326303
"S3","dynamic",26,9,12,108,0,0,4.29231616015471,0.758690440997546,0.833826303326303
"S3","dynamic",26,9,12,108,0.5,0,4.29231616015471,0.758690440997546,0.833826303326303
"S3","dynamic",26,9,12,108,1,0,4.29231616015471,0.758690440997546,0.833826303326303
"S3","dynamic",26,9,12,108,2,0,4.29231616015471,0.758690440997546,0.833826303326303
"S3","dynamic",26,9,24,216,0,0,4.29231616015471,0.758690440997546,0.833826303326303
"S3","dynamic",26,9,24,216,0.5,0,4.29231616015471,0.758690440997546,0.833826303326303
"S3","dynamic",26,9,24,216,1,0,4.29231616015471,0.758690440997546,0.833826303326303
"S3","dynamic",26,9,24,216,2,0,4.29231616015471,0.758690440997546,0.833826303326303
"S3","dynamic",27,1,1,1,0,0.353333333333333,0.702442881320215,0.702442881320215,0
"S3","dynamic",27,1,1,1,0.5,0.0333333333333333,0.702442881320215,0.702442881320215,0
"S3","dynamic",27,1,1,1,1,0.06,0.702442881320215,0.702442881320215,0
"S3","dynamic",27,1,1,1,2,0.08,0.702442881320215,0.702442881320215,0
"S3","dynamic",27,1,2,2,0,0.266666666666667,0.702442881320215,0.702442881320215,0
"S3","dynamic",27,1,2,2,0.5,0.00666666666666667,0.702442881320215,0.702442881320215,0
"S3","dynamic",27,1,2,2,1,0.0133333333333333,0.702442881320215,0.702442881320215,0
"S3","dynamic",27,1,2,2,2,0.0533333333333333,0.702442881320215,0.702442881320215,0
"S3","dynamic",27,1,4,4,0,0.126666666666667,0.702442881320215,0.702442881320215,0
"S3","dynamic",27,1,4,4,0.5,0.00666666666666667,0.702442881320215,0.702442881320215,0
"S3","dynamic",27,1,4,4,1,0.0133333333333333,0.702442881320215,0.702442881320215,0
"S3","dynamic",27,1,4,4,2,0.0266666666666667,0.702442881320215,0.702442881320215,0
"S3","dynamic",27,1,8,8,0,0.0266666666666667,0.702442881320215,0.702442881320215,0
"S3","dynamic",27,1,8,8,0.5,0.00666666666666667,0.702442881320215,0.702442881320215,0
"S3","dynamic",27,1,8,8,1,0.00666666666666667,0.702442881320215,0.702442881320215,0
"S3","dynamic",27,1,8,8,2,0.0133333333333333,0.702442881320215,0.702442881320215,0
"S3","dynamic",27,1,12,12,0,0.00666666666666667,0.702442881320215,0.702442881320215,0
"S3","dynamic",27,1,12,12,0.5,0,0.702442881320215,0.702442881320215,0
"S3","dynamic",27,1,12,12,1,0,0.702442881320215,0.702442881320215,0
"S3","dynamic",27,1,12,12,2,0.00666666666666667,0.702442881320215,0.702442881320215,0
"S3","dynamic",27,1,24,24,0,0,0.702442881320215,0.702442881320215,0
"S3","dynamic",27,1,24,24,0.5,0,0.702442881320215,0.702442881320215,0
"S3","dynamic",27,1,24,24,1,0,0.702442881320215,0.702442881320215,0
"S3","dynamic",27,1,24,24,2,0,0.702442881320215,0.702442881320215,0
"S3","dynamic",27,9,1,9,0,0,2.87467467301992,0.82678297543852,0.853598555462935
"S3","dynamic",27,9,1,9,0.5,0,2.87467467301992,0.82678297543852,0.853598555462935
"S3","dynamic",27,9,1,9,1,0,2.87467467301992,0.82678297543852,0.853598555462935
"S3","dynamic",27,9,1,9,2,0,2.87467467301992,0.82678297543852,0.853598555462935
"S3","dynamic",27,9,2,18,0,0,2.87467467301992,0.82678297543852,0.853598555462935
"S3","dynamic",27,9,2,18,0.5,0,2.87467467301992,0.82678297543852,0.853598555462935
"S3","dynamic",27,9,2,18,1,0,2.87467467301992,0.82678297543852,0.853598555462935
"S3","dynamic",27,9,2,18,2,0,2.87467467301992,0.82678297543852,0.853598555462935
"S3","dynamic",27,9,4,36,0,0,2.87467467301992,0.82678297543852,0.853598555462935
"S3","dynamic",27,9,4,36,0.5,0,2.87467467301992,0.82678297543852,0.853598555462935
"S3","dynamic",27,9,4,36,1,0,2.87467467301992,0.82678297543852,0.853598555462935
"S3","dynamic",27,9,4,36,2,0,2.87467467301992,0.82678297543852,0.853598555462935
"S3","dynamic",27,9,8,72,0,0,2.87467467301992,0.82678297543852,0.853598555462935
"S3","dynamic",27,9,8,72,0.5,0,2.87467467301992,0.82678297543852,0.853598555462935
"S3","dynamic",27,9,8,72,1,0,2.87467467301992,0.82678297543852,0.853598555462935
"S3","dynamic",27,9,8,72,2,0,2.87467467301992,0.82678297543852,0.853598555462935
"S3","dynamic",27,9,12,108,0,0,2.87467467301992,0.82678297543852,0.853598555462935
"S3","dynamic",27,9,12,108,0.5,0,2.87467467301992,0.82678297543852,0.853598555462935
"S3","dynamic",27,9,12,108,1,0,2.87467467301992,0.82678297543852,0.853598555462935
"S3","dynamic",27,9,12,108,2,0,2.87467467301992,0.82678297543852,0.853598555462935
"S3","dynamic",27,9,24,216,0,0,2.87467467301992,0.82678297543852,0.853598555462935
"S3","dynamic",27,9,24,216,0.5,0,2.87467467301992,0.82678297543852,0.853598555462935
"S3","dynamic",27,9,24,216,1,0,2.87467467301992,0.82678297543852,0.853598555462935
"S3","dynamic",27,9,24,216,2,0,2.87467467301992,0.82678297543852,0.853598555462935
"S3","dynamic",28,1,1,1,0,0.406666666666667,0.695571608346638,0.695571608346638,0
"S3","dynamic",28,1,1,1,0.5,0.06,0.695571608346638,0.695571608346638,0
"S3","dynamic",28,1,1,1,1,0.0666666666666667,0.695571608346638,0.695571608346638,0
"S3","dynamic",28,1,1,1,2,0.0866666666666667,0.695571608346638,0.695571608346638,0
"S3","dynamic",28,1,2,2,0,0.28,0.695571608346638,0.695571608346638,0
"S3","dynamic",28,1,2,2,0.5,0.04,0.695571608346638,0.695571608346638,0
"S3","dynamic",28,1,2,2,1,0.0333333333333333,0.695571608346638,0.695571608346638,0
"S3","dynamic",28,1,2,2,2,0.04,0.695571608346638,0.695571608346638,0
"S3","dynamic",28,1,4,4,0,0.133333333333333,0.695571608346638,0.695571608346638,0
"S3","dynamic",28,1,4,4,0.5,0.02,0.695571608346638,0.695571608346638,0
"S3","dynamic",28,1,4,4,1,0.02,0.695571608346638,0.695571608346638,0
"S3","dynamic",28,1,4,4,2,0.02,0.695571608346638,0.695571608346638,0
"S3","dynamic",28,1,8,8,0,0.02,0.695571608346638,0.695571608346638,0
"S3","dynamic",28,1,8,8,0.5,0.0133333333333333,0.695571608346638,0.695571608346638,0
"S3","dynamic",28,1,8,8,1,0.00666666666666667,0.695571608346638,0.695571608346638,0
"S3","dynamic",28,1,8,8,2,0.00666666666666667,0.695571608346638,0.695571608346638,0
"S3","dynamic",28,1,12,12,0,0.00666666666666667,0.695571608346638,0.695571608346638,0
"S3","dynamic",28,1,12,12,0.5,0,0.695571608346638,0.695571608346638,0
"S3","dynamic",28,1,12,12,1,0,0.695571608346638,0.695571608346638,0
"S3","dynamic",28,1,12,12,2,0,0.695571608346638,0.695571608346638,0
"S3","dynamic",28,1,24,24,0,0,0.695571608346638,0.695571608346638,0
"S3","dynamic",28,1,24,24,0.5,0,0.695571608346638,0.695571608346638,0
"S3","dynamic",28,1,24,24,1,0,0.695571608346638,0.695571608346638,0
"S3","dynamic",28,1,24,24,2,0,0.695571608346638,0.695571608346638,0
"S3","dynamic",28,9,1,9,0,0.04,0.915381242134838,0.644723472353693,0.807491245380134
"S3","dynamic",28,9,1,9,0.5,0.00666666666666667,0.915381242134838,0.644723472353693,0.807491245380134
"S3","dynamic",28,9,1,9,1,0,0.915381242134838,0.644723472353693,0.807491245380134
"S3","dynamic",28,9,1,9,2,0.02,0.915381242134838,0.644723472353693,0.807491245380134
"S3","dynamic",28,9,2,18,0,0,0.915381242134838,0.644723472353693,0.807491245380134
"S3","dynamic",28,9,2,18,0.5,0,0.915381242134838,0.644723472353693,0.807491245380134
"S3","dynamic",28,9,2,18,1,0,0.915381242134838,0.644723472353693,0.807491245380134
"S3","dynamic",28,9,2,18,2,0.00666666666666667,0.915381242134838,0.644723472353693,0.807491245380134
"S3","dynamic",28,9,4,36,0,0,0.915381242134838,0.644723472353693,0.807491245380134
"S3","dynamic",28,9,4,36,0.5,0,0.915381242134838,0.644723472353693,0.807491245380134
"S3","dynamic",28,9,4,36,1,0,0.915381242134838,0.644723472353693,0.807491245380134
"S3","dynamic",28,9,4,36,2,0,0.915381242134838,0.644723472353693,0.807491245380134
"S3","dynamic",28,9,8,72,0,0,0.915381242134838,0.644723472353693,0.807491245380134
"S3","dynamic",28,9,8,72,0.5,0,0.915381242134838,0.644723472353693,0.807491245380134
"S3","dynamic",28,9,8,72,1,0,0.915381242134838,0.644723472353693,0.807491245380134
"S3","dynamic",28,9,8,72,2,0,0.915381242134838,0.644723472353693,0.807491245380134
"S3","dynamic",28,9,12,108,0,0,0.915381242134838,0.644723472353693,0.807491245380134
"S3","dynamic",28,9,12,108,0.5,0,0.915381242134838,0.644723472353693,0.807491245380134
"S3","dynamic",28,9,12,108,1,0,0.915381242134838,0.644723472353693,0.807491245380134
"S3","dynamic",28,9,12,108,2,0,0.915381242134838,0.644723472353693,0.807491245380134
"S3","dynamic",28,9,24,216,0,0,0.915381242134838,0.644723472353693,0.807491245380134
"S3","dynamic",28,9,24,216,0.5,0,0.915381242134838,0.644723472353693,0.807491245380134
"S3","dynamic",28,9,24,216,1,0,0.915381242134838,0.644723472353693,0.807491245380134
"S3","dynamic",28,9,24,216,2,0,0.915381242134838,0.644723472353693,0.807491245380134
"S3","dynamic",29,1,1,1,0,0.38,0.710895019789466,0.710895019789466,0
"S3","dynamic",29,1,1,1,0.5,0.0733333333333333,0.710895019789466,0.710895019789466,0
"S3","dynamic",29,1,1,1,1,0.0866666666666667,0.710895019789466,0.710895019789466,0
"S3","dynamic",29,1,1,1,2,0.0866666666666667,0.710895019789466,0.710895019789466,0
"S3","dynamic",29,1,2,2,0,0.273333333333333,0.710895019789466,0.710895019789466,0
"S3","dynamic",29,1,2,2,0.5,0.08,0.710895019789466,0.710895019789466,0
"S3","dynamic",29,1,2,2,1,0.0866666666666667,0.710895019789466,0.710895019789466,0
"S3","dynamic",29,1,2,2,2,0.0866666666666667,0.710895019789466,0.710895019789466,0
"S3","dynamic",29,1,4,4,0,0.146666666666667,0.710895019789466,0.710895019789466,0
"S3","dynamic",29,1,4,4,0.5,0.02,0.710895019789466,0.710895019789466,0
"S3","dynamic",29,1,4,4,1,0.0266666666666667,0.710895019789466,0.710895019789466,0
"S3","dynamic",29,1,4,4,2,0.06,0.710895019789466,0.710895019789466,0
"S3","dynamic",29,1,8,8,0,0.04,0.710895019789466,0.710895019789466,0
"S3","dynamic",29,1,8,8,0.5,0.00666666666666667,0.710895019789466,0.710895019789466,0
"S3","dynamic",29,1,8,8,1,0.00666666666666667,0.710895019789466,0.710895019789466,0
"S3","dynamic",29,1,8,8,2,0.0333333333333333,0.710895019789466,0.710895019789466,0
"S3","dynamic",29,1,12,12,0,0.00666666666666667,0.710895019789466,0.710895019789466,0
"S3","dynamic",29,1,12,12,0.5,0,0.710895019789466,0.710895019789466,0
"S3","dynamic",29,1,12,12,1,0,0.710895019789466,0.710895019789466,0
"S3","dynamic",29,1,12,12,2,0.00666666666666667,0.710895019789466,0.710895019789466,0
"S3","dynamic",29,1,24,24,0,0,0.710895019789466,0.710895019789466,0
"S3","dynamic",29,1,24,24,0.5,0,0.710895019789466,0.710895019789466,0
"S3","dynamic",29,1,24,24,1,0,0.710895019789466,0.710895019789466,0
"S3","dynamic",29,1,24,24,2,0,0.710895019789466,0.710895019789466,0
"S3","dynamic",29,9,1,9,0,0.0266666666666667,1.00581309133318,0.69917497041269,0.864331707991839
"S3","dynamic",29,9,1,9,0.5,0.00666666666666667,1.00581309133318,0.69917497041269,0.864331707991839
"S3","dynamic",29,9,1,9,1,0.00666666666666667,1.00581309133318,0.69917497041269,0.864331707991839
"S3","dynamic",29,9,1,9,2,0.00666666666666667,1.00581309133318,0.69917497041269,0.864331707991839
"S3","dynamic",29,9,2,18,0,0,1.00581309133318,0.69917497041269,0.864331707991839
"S3","dynamic",29,9,2,18,0.5,0,1.00581309133318,0.69917497041269,0.864331707991839
"S3","dynamic",29,9,2,18,1,0,1.00581309133318,0.69917497041269,0.864331707991839
"S3","dynamic",29,9,2,18,2,0,1.00581309133318,0.69917497041269,0.864331707991839
"S3","dynamic",29,9,4,36,0,0,1.00581309133318,0.69917497041269,0.864331707991839
"S3","dynamic",29,9,4,36,0.5,0,1.00581309133318,0.69917497041269,0.864331707991839
"S3","dynamic",29,9,4,36,1,0,1.00581309133318,0.69917497041269,0.864331707991839
"S3","dynamic",29,9,4,36,2,0,1.00581309133318,0.69917497041269,0.864331707991839
"S3","dynamic",29,9,8,72,0,0,1.00581309133318,0.69917497041269,0.864331707991839
"S3","dynamic",29,9,8,72,0.5,0,1.00581309133318,0.69917497041269,0.864331707991839
"S3","dynamic",29,9,8,72,1,0,1.00581309133318,0.69917497041269,0.864331707991839
"S3","dynamic",29,9,8,72,2,0,1.00581309133318,0.69917497041269,0.864331707991839
"S3","dynamic",29,9,12,108,0,0,1.00581309133318,0.69917497041269,0.864331707991839
"S3","dynamic",29,9,12,108,0.5,0,1.00581309133318,0.69917497041269,0.864331707991839
"S3","dynamic",29,9,12,108,1,0,1.00581309133318,0.69917497041269,0.864331707991839
"S3","dynamic",29,9,12,108,2,0,1.00581309133318,0.69917497041269,0.864331707991839
"S3","dynamic",29,9,24,216,0,0,1.00581309133318,0.69917497041269,0.864331707991839
"S3","dynamic",29,9,24,216,0.5,0,1.00581309133318,0.69917497041269,0.864331707991839
"S3","dynamic",29,9,24,216,1,0,1.00581309133318,0.69917497041269,0.864331707991839
"S3","dynamic",29,9,24,216,2,0,1.00581309133318,0.69917497041269,0.864331707991839
"S3","dynamic",30,1,1,1,0,0.36,0.584218325074062,0.584218325074062,0
"S3","dynamic",30,1,1,1,0.5,0.0733333333333333,0.584218325074062,0.584218325074062,0
"S3","dynamic",30,1,1,1,1,0.0866666666666667,0.584218325074062,0.584218325074062,0
"S3","dynamic",30,1,1,1,2,0.0866666666666667,0.584218325074062,0.584218325074062,0
"S3","dynamic",30,1,2,2,0,0.253333333333333,0.584218325074062,0.584218325074062,0
"S3","dynamic",30,1,2,2,0.5,0.06,0.584218325074062,0.584218325074062,0
"S3","dynamic",30,1,2,2,1,0.06,0.584218325074062,0.584218325074062,0
"S3","dynamic",30,1,2,2,2,0.0733333333333333,0.584218325074062,0.584218325074062,0
"S3","dynamic",30,1,4,4,0,0.0933333333333333,0.584218325074062,0.584218325074062,0
"S3","dynamic",30,1,4,4,0.5,0.02,0.584218325074062,0.584218325074062,0
"S3","dynamic",30,1,4,4,1,0.02,0.584218325074062,0.584218325074062,0
"S3","dynamic",30,1,4,4,2,0.0333333333333333,0.584218325074062,0.584218325074062,0
"S3","dynamic",30,1,8,8,0,0.0133333333333333,0.584218325074062,0.584218325074062,0
"S3","dynamic",30,1,8,8,0.5,0.00666666666666667,0.584218325074062,0.584218325074062,0
"S3","dynamic",30,1,8,8,1,0.0133333333333333,0.584218325074062,0.584218325074062,0
"S3","dynamic",30,1,8,8,2,0.0266666666666667,0.584218325074062,0.584218325074062,0
"S3","dynamic",30,1,12,12,0,0.00666666666666667,0.584218325074062,0.584218325074062,0
"S3","dynamic",30,1,12,12,0.5,0,0.584218325074062,0.584218325074062,0
"S3","dynamic",30,1,12,12,1,0,0.584218325074062,0.584218325074062,0
"S3","dynamic",30,1,12,12,2,0.0133333333333333,0.584218325074062,0.584218325074062,0
"S3","dynamic",30,1,24,24,0,0,0.584218325074062,0.584218325074062,0
"S3","dynamic",30,1,24,24,0.5,0,0.584218325074062,0.584218325074062,0
"S3","dynamic",30,1,24,24,1,0,0.584218325074062,0.584218325074062,0
"S3","dynamic",30,1,24,24,2,0,0.584218325074062,0.584218325074062,0
"S3","dynamic",30,9,1,9,0,0.02,11.2313134329437,0.728109268116008,0.7690376966292
"S3","dynamic",30,9,1,9,0.5,0,11.2313134329437,0.728109268116008,0.7690376966292
"S3","dynamic",30,9,1,9,1,0,11.2313134329437,0.728109268116008,0.7690376966292
"S3","dynamic",30,9,1,9,2,0,11.2313134329437,0.728109268116008,0.7690376966292
"S3","dynamic",30,9,2,18,0,0,11.2313134329437,0.728109268116008,0.7690376966292
"S3","dynamic",30,9,2,18,0.5,0,11.2313134329437,0.728109268116008,0.7690376966292
"S3","dynamic",30,9,2,18,1,0,11.2313134329437,0.728109268116008,0.7690376966292
"S3","dynamic",30,9,2,18,2,0,11.2313134329437,0.728109268116008,0.7690376966292
"S3","dynamic",30,9,4,36,0,0,11.2313134329437,0.728109268116008,0.7690376966292
"S3","dynamic",30,9,4,36,0.5,0,11.2313134329437,0.728109268116008,0.7690376966292
"S3","dynamic",30,9,4,36,1,0,11.2313134329437,0.728109268116008,0.7690376966292
"S3","dynamic",30,9,4,36,2,0,11.2313134329437,0.728109268116008,0.7690376966292
"S3","dynamic",30,9,8,72,0,0,11.2313134329437,0.728109268116008,0.7690376966292
"S3","dynamic",30,9,8,72,0.5,0,11.2313134329437,0.728109268116008,0.7690376966292
"S3","dynamic",30,9,8,72,1,0,11.2313134329437,0.728109268116008,0.7690376966292
"S3","dynamic",30,9,8,72,2,0,11.2313134329437,0.728109268116008,0.7690376966292
"S3","dynamic",30,9,12,108,0,0,11.2313134329437,0.728109268116008,0.7690376966292
"S3","dynamic",30,9,12,108,0.5,0,11.2313134329437,0.728109268116008,0.7690376966292
"S3","dynamic",30,9,12,108,1,0,11.2313134329437,0.728109268116008,0.7690376966292
"S3","dynamic",30,9,12,108,2,0,11.2313134329437,0.728109268116008,0.7690376966292
"S3","dynamic",30,9,24,216,0,0,11.2313134329437,0.728109268116008,0.7690376966292
"S3","dynamic",30,9,24,216,0.5,0,11.2313134329437,0.728109268116008,0.7690376966292
"S3","dynamic",30,9,24,216,1,0,11.2313134329437,0.728109268116008,0.7690376966292
"S3","dynamic",30,9,24,216,2,0,11.2313134329437,0.728109268116008,0.7690376966292
"S3","dynamic",31,1,1,1,0,0.36,0.74222716544356,0.74222716544356,0
"S3","dynamic",31,1,1,1,0.5,0.04,0.74222716544356,0.74222716544356,0
"S3","dynamic",31,1,1,1,1,0.0466666666666667,0.74222716544356,0.74222716544356,0
"S3","dynamic",31,1,1,1,2,0.0533333333333333,0.74222716544356,0.74222716544356,0
"S3","dynamic",31,1,2,2,0,0.313333333333333,0.74222716544356,0.74222716544356,0
"S3","dynamic",31,1,2,2,0.5,0.0466666666666667,0.74222716544356,0.74222716544356,0
"S3","dynamic",31,1,2,2,1,0.04,0.74222716544356,0.74222716544356,0
"S3","dynamic",31,1,2,2,2,0.0466666666666667,0.74222716544356,0.74222716544356,0
"S3","dynamic",31,1,4,4,0,0.18,0.74222716544356,0.74222716544356,0
"S3","dynamic",31,1,4,4,0.5,0.0333333333333333,0.74222716544356,0.74222716544356,0
"S3","dynamic",31,1,4,4,1,0.0266666666666667,0.74222716544356,0.74222716544356,0
"S3","dynamic",31,1,4,4,2,0.0266666666666667,0.74222716544356,0.74222716544356,0
"S3","dynamic",31,1,8,8,0,0.0666666666666667,0.74222716544356,0.74222716544356,0
"S3","dynamic",31,1,8,8,0.5,0.00666666666666667,0.74222716544356,0.74222716544356,0
"S3","dynamic",31,1,8,8,1,0.00666666666666667,0.74222716544356,0.74222716544356,0
"S3","dynamic",31,1,8,8,2,0.02,0.74222716544356,0.74222716544356,0
"S3","dynamic",31,1,12,12,0,0.0133333333333333,0.74222716544356,0.74222716544356,0
"S3","dynamic",31,1,12,12,0.5,0.00666666666666667,0.74222716544356,0.74222716544356,0
"S3","dynamic",31,1,12,12,1,0.00666666666666667,0.74222716544356,0.74222716544356,0
"S3","dynamic",31,1,12,12,2,0.0133333333333333,0.74222716544356,0.74222716544356,0
"S3","dynamic",31,1,24,24,0,0,0.74222716544356,0.74222716544356,0
"S3","dynamic",31,1,24,24,0.5,0,0.74222716544356,0.74222716544356,0
"S3","dynamic",31,1,24,24,1,0,0.74222716544356,0.74222716544356,0
"S3","dynamic",31,1,24,24,2,0,0.74222716544356,0.74222716544356,0
"S3","dynamic",31,9,1,9,0,0.0333333333333333,0.919536929275131,0.607916048274069,0.809084112812871
"S3","dynamic",31,9,1,9,0.5,0.00666666666666667,0.919536929275131,0.607916048274069,0.809084112812871
"S3","dynamic",31,9,1,9,1,0,0.919536929275131,0.607916048274069,0.809084112812871
"S3","dynamic",31,9,1,9,2,0,0.919536929275131,0.607916048274069,0.809084112812871
"S3","dynamic",31,9,2,18,0,0,0.919536929275131,0.607916048274069,0.809084112812871
"S3","dynamic",31,9,2,18,0.5,0,0.919536929275131,0.607916048274069,0.809084112812871
"S3","dynamic",31,9,2,18,1,0,0.919536929275131,0.607916048274069,0.809084112812871
"S3","dynamic",31,9,2,18,2,0,0.919536929275131,0.607916048274069,0.809084112812871
"S3","dynamic",31,9,4,36,0,0,0.919536929275131,0.607916048274069,0.809084112812871
"S3","dynamic",31,9,4,36,0.5,0,0.919536929275131,0.607916048274069,0.809084112812871
"S3","dynamic",31,9,4,36,1,0,0.919536929275131,0.607916048274069,0.809084112812871
"S3","dynamic",31,9,4,36,2,0,0.919536929275131,0.607916048274069,0.809084112812871
"S3","dynamic",31,9,8,72,0,0,0.919536929275131,0.607916048274069,0.809084112812871
"S3","dynamic",31,9,8,72,0.5,0,0.919536929275131,0.607916048274069,0.809084112812871
"S3","dynamic",31,9,8,72,1,0,0.919536929275131,0.607916048274069,0.809084112812871
"S3","dynamic",31,9,8,72,2,0,0.919536929275131,0.607916048274069,0.809084112812871
"S3","dynamic",31,9,12,108,0,0,0.919536929275131,0.607916048274069,0.809084112812871
"S3","dynamic",31,9,12,108,0.5,0,0.919536929275131,0.607916048274069,0.809084112812871
"S3","dynamic",31,9,12,108,1,0,0.919536929275131,0.607916048274069,0.809084112812871
"S3","dynamic",31,9,12,108,2,0,0.919536929275131,0.607916048274069,0.809084112812871
"S3","dynamic",31,9,24,216,0,0,0.919536929275131,0.607916048274069,0.809084112812871
"S3","dynamic",31,9,24,216,0.5,0,0.919536929275131,0.607916048274069,0.809084112812871
"S3","dynamic",31,9,24,216,1,0,0.919536929275131,0.607916048274069,0.809084112812871
"S3","dynamic",31,9,24,216,2,0,0.919536929275131,0.607916048274069,0.809084112812871
"S3","dynamic",32,1,1,1,0,0.433333333333333,0.655764211245726,0.655764211245726,0
"S3","dynamic",32,1,1,1,0.5,0.0666666666666667,0.655764211245726,0.655764211245726,0
"S3","dynamic",32,1,1,1,1,0.0733333333333333,0.655764211245726,0.655764211245726,0
"S3","dynamic",32,1,1,1,2,0.08,0.655764211245726,0.655764211245726,0
"S3","dynamic",32,1,2,2,0,0.246666666666667,0.655764211245726,0.655764211245726,0
"S3","dynamic",32,1,2,2,0.5,0.0533333333333333,0.655764211245726,0.655764211245726,0
"S3","dynamic",32,1,2,2,1,0.06,0.655764211245726,0.655764211245726,0
"S3","dynamic",32,1,2,2,2,0.08,0.655764211245726,0.655764211245726,0
"S3","dynamic",32,1,4,4,0,0.146666666666667,0.655764211245726,0.655764211245726,0
"S3","dynamic",32,1,4,4,0.5,0.0466666666666667,0.655764211245726,0.655764211245726,0
"S3","dynamic",32,1,4,4,1,0.0466666666666667,0.655764211245726,0.655764211245726,0
"S3","dynamic",32,1,4,4,2,0.0533333333333333,0.655764211245726,0.655764211245726,0
"S3","dynamic",32,1,8,8,0,0.06,0.655764211245726,0.655764211245726,0
"S3","dynamic",32,1,8,8,0.5,0.0133333333333333,0.655764211245726,0.655764211245726,0
"S3","dynamic",32,1,8,8,1,0.02,0.655764211245726,0.655764211245726,0
"S3","dynamic",32,1,8,8,2,0.02,0.655764211245726,0.655764211245726,0
"S3","dynamic",32,1,12,12,0,0.0266666666666667,0.655764211245726,0.655764211245726,0
"S3","dynamic",32,1,12,12,0.5,0,0.655764211245726,0.655764211245726,0
"S3","dynamic",32,1,12,12,1,0,0.655764211245726,0.655764211245726,0
"S3","dynamic",32,1,12,12,2,0,0.655764211245726,0.655764211245726,0
"S3","dynamic",32,1,24,24,0,0,0.655764211245726,0.655764211245726,0
"S3","dynamic",32,1,24,24,0.5,0,0.655764211245726,0.655764211245726,0
"S3","dynamic",32,1,24,24,1,0,0.655764211245726,0.655764211245726,0
"S3","dynamic",32,1,24,24,2,0,0.655764211245726,0.655764211245726,0
"S3","dynamic",32,9,1,9,0,0.0866666666666667,1.10354417388373,0.663046538750589,0.812533717311495
"S3","dynamic",32,9,1,9,0.5,0.0333333333333333,1.10354417388373,0.663046538750589,0.812533717311495
"S3","dynamic",32,9,1,9,1,0.0533333333333333,1.10354417388373,0.663046538750589,0.812533717311495
"S3","dynamic",32,9,1,9,2,0.0733333333333333,1.10354417388373,0.663046538750589,0.812533717311495
"S3","dynamic",32,9,2,18,0,0.02,1.10354417388373,0.663046538750589,0.812533717311495
"S3","dynamic",32,9,2,18,0.5,0.00666666666666667,1.10354417388373,0.663046538750589,0.812533717311495
"S3","dynamic",32,9,2,18,1,0.02,1.10354417388373,0.663046538750589,0.812533717311495
"S3","dynamic",32,9,2,18,2,0.04,1.10354417388373,0.663046538750589,0.812533717311495
"S3","dynamic",32,9,4,36,0,0,1.10354417388373,0.663046538750589,0.812533717311495
"S3","dynamic",32,9,4,36,0.5,0,1.10354417388373,0.663046538750589,0.812533717311495
"S3","dynamic",32,9,4,36,1,0,1.10354417388373,0.663046538750589,0.812533717311495
"S3","dynamic",32,9,4,36,2,0,1.10354417388373,0.663046538750589,0.812533717311495
"S3","dynamic",32,9,8,72,0,0,1.10354417388373,0.663046538750589,0.812533717311495
"S3","dynamic",32,9,8,72,0.5,0,1.10354417388373,0.663046538750589,0.812533717311495
"S3","dynamic",32,9,8,72,1,0,1.10354417388373,0.663046538750589,0.812533717311495
"S3","dynamic",32,9,8,72,2,0,1.10354417388373,0.663046538750589,0.812533717311495
"S3","dynamic",32,9,12,108,0,0,1.10354417388373,0.663046538750589,0.812533717311495
"S3","dynamic",32,9,12,108,0.5,0,1.10354417388373,0.663046538750589,0.812533717311495
"S3","dynamic",32,9,12,108,1,0,1.10354417388373,0.663046538750589,0.812533717311495
"S3","dynamic",32,9,12,108,2,0,1.10354417388373,0.663046538750589,0.812533717311495
"S3","dynamic",32,9,24,216,0,0,1.10354417388373,0.663046538750589,0.812533717311495
"S3","dynamic",32,9,24,216,0.5,0,1.10354417388373,0.663046538750589,0.812533717311495
"S3","dynamic",32,9,24,216,1,0,1.10354417388373,0.663046538750589,0.812533717311495
"S3","dynamic",32,9,24,216,2,0,1.10354417388373,0.663046538750589,0.812533717311495
"S3","dynamic",33,1,1,1,0,0.486666666666667,0.737917184552232,0.737917184552232,0
"S3","dynamic",33,1,1,1,0.5,0.0533333333333333,0.737917184552232,0.737917184552232,0
"S3","dynamic",33,1,1,1,1,0.0533333333333333,0.737917184552232,0.737917184552232,0
"S3","dynamic",33,1,1,1,2,0.0733333333333333,0.737917184552232,0.737917184552232,0
"S3","dynamic",33,1,2,2,0,0.28,0.737917184552232,0.737917184552232,0
"S3","dynamic",33,1,2,2,0.5,0.0333333333333333,0.737917184552232,0.737917184552232,0
"S3","dynamic",33,1,2,2,1,0.02,0.737917184552232,0.737917184552232,0
"S3","dynamic",33,1,2,2,2,0.04,0.737917184552232,0.737917184552232,0
"S3","dynamic",33,1,4,4,0,0.14,0.737917184552232,0.737917184552232,0
"S3","dynamic",33,1,4,4,0.5,0.0133333333333333,0.737917184552232,0.737917184552232,0
"S3","dynamic",33,1,4,4,1,0.00666666666666667,0.737917184552232,0.737917184552232,0
"S3","dynamic",33,1,4,4,2,0.02,0.737917184552232,0.737917184552232,0
"S3","dynamic",33,1,8,8,0,0.0466666666666667,0.737917184552232,0.737917184552232,0
"S3","dynamic",33,1,8,8,0.5,0.00666666666666667,0.737917184552232,0.737917184552232,0
"S3","dynamic",33,1,8,8,1,0.00666666666666667,0.737917184552232,0.737917184552232,0
"S3","dynamic",33,1,8,8,2,0.00666666666666667,0.737917184552232,0.737917184552232,0
"S3","dynamic",33,1,12,12,0,0.00666666666666667,0.737917184552232,0.737917184552232,0
"S3","dynamic",33,1,12,12,0.5,0,0.737917184552232,0.737917184552232,0
"S3","dynamic",33,1,12,12,1,0,0.737917184552232,0.737917184552232,0
"S3","dynamic",33,1,12,12,2,0,0.737917184552232,0.737917184552232,0
"S3","dynamic",33,1,24,24,0,0,0.737917184552232,0.737917184552232,0
"S3","dynamic",33,1,24,24,0.5,0,0.737917184552232,0.737917184552232,0
"S3","dynamic",33,1,24,24,1,0,0.737917184552232,0.737917184552232,0
"S3","dynamic",33,1,24,24,2,0,0.737917184552232,0.737917184552232,0
"S3","dynamic",33,9,1,9,0,0.04,0.850837203694162,0.619501879250099,0.832090318118096
"S3","dynamic",33,9,1,9,0.5,0.00666666666666667,0.850837203694162,0.619501879250099,0.832090318118096
"S3","dynamic",33,9,1,9,1,0.02,0.850837203694162,0.619501879250099,0.832090318118096
"S3","dynamic",33,9,1,9,2,0.0333333333333333,0.850837203694162,0.619501879250099,0.832090318118096
"S3","dynamic",33,9,2,18,0,0.00666666666666667,0.850837203694162,0.619501879250099,0.832090318118096
"S3","dynamic",33,9,2,18,0.5,0,0.850837203694162,0.619501879250099,0.832090318118096
"S3","dynamic",33,9,2,18,1,0,0.850837203694162,0.619501879250099,0.832090318118096
"S3","dynamic",33,9,2,18,2,0.00666666666666667,0.850837203694162,0.619501879250099,0.832090318118096
"S3","dynamic",33,9,4,36,0,0,0.850837203694162,0.619501879250099,0.832090318118096
"S3","dynamic",33,9,4,36,0.5,0,0.850837203694162,0.619501879250099,0.832090318118096
"S3","dynamic",33,9,4,36,1,0,0.850837203694162,0.619501879250099,0.832090318118096
"S3","dynamic",33,9,4,36,2,0,0.850837203694162,0.619501879250099,0.832090318118096
"S3","dynamic",33,9,8,72,0,0,0.850837203694162,0.619501879250099,0.832090318118096
"S3","dynamic",33,9,8,72,0.5,0,0.850837203694162,0.619501879250099,0.832090318118096
"S3","dynamic",33,9,8,72,1,0,0.850837203694162,0.619501879250099,0.832090318118096
"S3","dynamic",33,9,8,72,2,0,0.850837203694162,0.619501879250099,0.832090318118096
"S3","dynamic",33,9,12,108,0,0,0.850837203694162,0.619501879250099,0.832090318118096
"S3","dynamic",33,9,12,108,0.5,0,0.850837203694162,0.619501879250099,0.832090318118096
"S3","dynamic",33,9,12,108,1,0,0.850837203694162,0.619501879250099,0.832090318118096
"S3","dynamic",33,9,12,108,2,0,0.850837203694162,0.619501879250099,0.832090318118096
"S3","dynamic",33,9,24,216,0,0,0.850837203694162,0.619501879250099,0.832090318118096
"S3","dynamic",33,9,24,216,0.5,0,0.850837203694162,0.619501879250099,0.832090318118096
"S3","dynamic",33,9,24,216,1,0,0.850837203694162,0.619501879250099,0.832090318118096
"S3","dynamic",33,9,24,216,2,0,0.850837203694162,0.619501879250099,0.832090318118096
"S3","dynamic",34,1,1,1,0,0.48,0.62940162596098,0.62940162596098,0
"S3","dynamic",34,1,1,1,0.5,0.0933333333333333,0.62940162596098,0.62940162596098,0
"S3","dynamic",34,1,1,1,1,0.1,0.62940162596098,0.62940162596098,0
"S3","dynamic",34,1,1,1,2,0.1,0.62940162596098,0.62940162596098,0
"S3","dynamic",34,1,2,2,0,0.306666666666667,0.62940162596098,0.62940162596098,0
"S3","dynamic",34,1,2,2,0.5,0.0466666666666667,0.62940162596098,0.62940162596098,0
"S3","dynamic",34,1,2,2,1,0.0533333333333333,0.62940162596098,0.62940162596098,0
"S3","dynamic",34,1,2,2,2,0.0666666666666667,0.62940162596098,0.62940162596098,0
"S3","dynamic",34,1,4,4,0,0.233333333333333,0.62940162596098,0.62940162596098,0
"S3","dynamic",34,1,4,4,0.5,0.0333333333333333,0.62940162596098,0.62940162596098,0
"S3","dynamic",34,1,4,4,1,0.0333333333333333,0.62940162596098,0.62940162596098,0
"S3","dynamic",34,1,4,4,2,0.0533333333333333,0.62940162596098,0.62940162596098,0
"S3","dynamic",34,1,8,8,0,0.1,0.62940162596098,0.62940162596098,0
"S3","dynamic",34,1,8,8,0.5,0.0133333333333333,0.62940162596098,0.62940162596098,0
"S3","dynamic",34,1,8,8,1,0.0133333333333333,0.62940162596098,0.62940162596098,0
"S3","dynamic",34,1,8,8,2,0.0333333333333333,0.62940162596098,0.62940162596098,0
"S3","dynamic",34,1,12,12,0,0.0133333333333333,0.62940162596098,0.62940162596098,0
"S3","dynamic",34,1,12,12,0.5,0.00666666666666667,0.62940162596098,0.62940162596098,0
"S3","dynamic",34,1,12,12,1,0.0133333333333333,0.62940162596098,0.62940162596098,0
"S3","dynamic",34,1,12,12,2,0.0266666666666667,0.62940162596098,0.62940162596098,0
"S3","dynamic",34,1,24,24,0,0,0.62940162596098,0.62940162596098,0
"S3","dynamic",34,1,24,24,0.5,0,0.62940162596098,0.62940162596098,0
"S3","dynamic",34,1,24,24,1,0,0.62940162596098,0.62940162596098,0
"S3","dynamic",34,1,24,24,2,0,0.62940162596098,0.62940162596098,0
"S3","dynamic",34,9,1,9,0,0.0133333333333333,1.09311572891578,0.705600015657353,0.814929555012888
"S3","dynamic",34,9,1,9,0.5,0.00666666666666667,1.09311572891578,0.705600015657353,0.814929555012888
"S3","dynamic",34,9,1,9,1,0.00666666666666667,1.09311572891578,0.705600015657353,0.814929555012888
"S3","dynamic",34,9,1,9,2,0,1.09311572891578,0.705600015657353,0.814929555012888
"S3","dynamic",34,9,2,18,0,0.00666666666666667,1.09311572891578,0.705600015657353,0.814929555012888
"S3","dynamic",34,9,2,18,0.5,0,1.09311572891578,0.705600015657353,0.814929555012888
"S3","dynamic",34,9,2,18,1,0,1.09311572891578,0.705600015657353,0.814929555012888
"S3","dynamic",34,9,2,18,2,0,1.09311572891578,0.705600015657353,0.814929555012888
"S3","dynamic",34,9,4,36,0,0,1.09311572891578,0.705600015657353,0.814929555012888
"S3","dynamic",34,9,4,36,0.5,0,1.09311572891578,0.705600015657353,0.814929555012888
"S3","dynamic",34,9,4,36,1,0,1.09311572891578,0.705600015657353,0.814929555012888
"S3","dynamic",34,9,4,36,2,0,1.09311572891578,0.705600015657353,0.814929555012888
"S3","dynamic",34,9,8,72,0,0,1.09311572891578,0.705600015657353,0.814929555012888
"S3","dynamic",34,9,8,72,0.5,0,1.09311572891578,0.705600015657353,0.814929555012888
"S3","dynamic",34,9,8,72,1,0,1.09311572891578,0.705600015657353,0.814929555012888
"S3","dynamic",34,9,8,72,2,0,1.09311572891578,0.705600015657353,0.814929555012888
"S3","dynamic",34,9,12,108,0,0,1.09311572891578,0.705600015657353,0.814929555012888
"S3","dynamic",34,9,12,108,0.5,0,1.09311572891578,0.705600015657353,0.814929555012888
"S3","dynamic",34,9,12,108,1,0,1.09311572891578,0.705600015657353,0.814929555012888
"S3","dynamic",34,9,12,108,2,0,1.09311572891578,0.705600015657353,0.814929555012888
"S3","dynamic",34,9,24,216,0,0,1.09311572891578,0.705600015657353,0.814929555012888
"S3","dynamic",34,9,24,216,0.5,0,1.09311572891578,0.705600015657353,0.814929555012888
"S3","dynamic",34,9,24,216,1,0,1.09311572891578,0.705600015657353,0.814929555012888
"S3","dynamic",34,9,24,216,2,0,1.09311572891578,0.705600015657353,0.814929555012888
"S3","dynamic",35,1,1,1,0,0.333333333333333,0.73429158195774,0.73429158195774,0
"S3","dynamic",35,1,1,1,0.5,0.0533333333333333,0.73429158195774,0.73429158195774,0
"S3","dynamic",35,1,1,1,1,0.06,0.73429158195774,0.73429158195774,0
"S3","dynamic",35,1,1,1,2,0.0666666666666667,0.73429158195774,0.73429158195774,0
"S3","dynamic",35,1,2,2,0,0.306666666666667,0.73429158195774,0.73429158195774,0
"S3","dynamic",35,1,2,2,0.5,0.0466666666666667,0.73429158195774,0.73429158195774,0
"S3","dynamic",35,1,2,2,1,0.0533333333333333,0.73429158195774,0.73429158195774,0
"S3","dynamic",35,1,2,2,2,0.0533333333333333,0.73429158195774,0.73429158195774,0
"S3","dynamic",35,1,4,4,0,0.18,0.73429158195774,0.73429158195774,0
"S3","dynamic",35,1,4,4,0.5,0.0266666666666667,0.73429158195774,0.73429158195774,0
"S3","dynamic",35,1,4,4,1,0.0266666666666667,0.73429158195774,0.73429158195774,0
"S3","dynamic",35,1,4,4,2,0.04,0.73429158195774,0.73429158195774,0
"S3","dynamic",35,1,8,8,0,0.0266666666666667,0.73429158195774,0.73429158195774,0
"S3","dynamic",35,1,8,8,0.5,0.00666666666666667,0.73429158195774,0.73429158195774,0
"S3","dynamic",35,1,8,8,1,0.0133333333333333,0.73429158195774,0.73429158195774,0
"S3","dynamic",35,1,8,8,2,0.0266666666666667,0.73429158195774,0.73429158195774,0
"S3","dynamic",35,1,12,12,0,0.00666666666666667,0.73429158195774,0.73429158195774,0
"S3","dynamic",35,1,12,12,0.5,0,0.73429158195774,0.73429158195774,0
"S3","dynamic",35,1,12,12,1,0,0.73429158195774,0.73429158195774,0
"S3","dynamic",35,1,12,12,2,0.00666666666666667,0.73429158195774,0.73429158195774,0
"S3","dynamic",35,1,24,24,0,0,0.73429158195774,0.73429158195774,0
"S3","dynamic",35,1,24,24,0.5,0,0.73429158195774,0.73429158195774,0
"S3","dynamic",35,1,24,24,1,0,0.73429158195774,0.73429158195774,0
"S3","dynamic",35,1,24,24,2,0,0.73429158195774,0.73429158195774,0
"S3","dynamic",35,9,1,9,0,0.0533333333333333,0.967222511211242,0.763710634050149,0.80535769755541
"S3","dynamic",35,9,1,9,0.5,0.0133333333333333,0.967222511211242,0.763710634050149,0.80535769755541
"S3","dynamic",35,9,1,9,1,0.0133333333333333,0.967222511211242,0.763710634050149,0.80535769755541
"S3","dynamic",35,9,1,9,2,0.0266666666666667,0.967222511211242,0.763710634050149,0.80535769755541
"S3","dynamic",35,9,2,18,0,0.00666666666666667,0.967222511211242,0.763710634050149,0.80535769755541
"S3","dynamic",35,9,2,18,0.5,0,0.967222511211242,0.763710634050149,0.80535769755541
"S3","dynamic",35,9,2,18,1,0,0.967222511211242,0.763710634050149,0.80535769755541
"S3","dynamic",35,9,2,18,2,0,0.967222511211242,0.763710634050149,0.80535769755541
"S3","dynamic",35,9,4,36,0,0,0.967222511211242,0.763710634050149,0.80535769755541
"S3","dynamic",35,9,4,36,0.5,0,0.967222511211242,0.763710634050149,0.80535769755541
"S3","dynamic",35,9,4,36,1,0,0.967222511211242,0.763710634050149,0.80535769755541
"S3","dynamic",35,9,4,36,2,0,0.967222511211242,0.763710634050149,0.80535769755541
"S3","dynamic",35,9,8,72,0,0,0.967222511211242,0.763710634050149,0.80535769755541
"S3","dynamic",35,9,8,72,0.5,0,0.967222511211242,0.763710634050149,0.80535769755541
"S3","dynamic",35,9,8,72,1,0,0.967222511211242,0.763710634050149,0.80535769755541
"S3","dynamic",35,9,8,72,2,0,0.967222511211242,0.763710634050149,0.80535769755541
"S3","dynamic",35,9,12,108,0,0,0.967222511211242,0.763710634050149,0.80535769755541
"S3","dynamic",35,9,12,108,0.5,0,0.967222511211242,0.763710634050149,0.80535769755541
"S3","dynamic",35,9,12,108,1,0,0.967222511211242,0.763710634050149,0.80535769755541
"S3","dynamic",35,9,12,108,2,0,0.967222511211242,0.763710634050149,0.80535769755541
"S3","dynamic",35,9,24,216,0,0,0.967222511211242,0.763710634050149,0.80535769755541
"S3","dynamic",35,9,24,216,0.5,0,0.967222511211242,0.763710634050149,0.80535769755541
"S3","dynamic",35,9,24,216,1,0,0.967222511211242,0.763710634050149,0.80535769755541
"S3","dynamic",35,9,24,216,2,0,0.967222511211242,0.763710634050149,0.80535769755541
"S3","dynamic",36,1,1,1,0,0.42,0.629668299901967,0.629668299901967,0
"S3","dynamic",36,1,1,1,0.5,0.08,0.629668299901967,0.629668299901967,0
"S3","dynamic",36,1,1,1,1,0.0866666666666667,0.629668299901967,0.629668299901967,0
"S3","dynamic",36,1,1,1,2,0.0933333333333333,0.629668299901967,0.629668299901967,0
"S3","dynamic",36,1,2,2,0,0.32,0.629668299901967,0.629668299901967,0
"S3","dynamic",36,1,2,2,0.5,0.06,0.629668299901967,0.629668299901967,0
"S3","dynamic",36,1,2,2,1,0.0733333333333333,0.629668299901967,0.629668299901967,0
"S3","dynamic",36,1,2,2,2,0.0866666666666667,0.629668299901967,0.629668299901967,0
"S3","dynamic",36,1,4,4,0,0.246666666666667,0.629668299901967,0.629668299901967,0
"S3","dynamic",36,1,4,4,0.5,0.0666666666666667,0.629668299901967,0.629668299901967,0
"S3","dynamic",36,1,4,4,1,0.0533333333333333,0.629668299901967,0.629668299901967,0
"S3","dynamic",36,1,4,4,2,0.0666666666666667,0.629668299901967,0.629668299901967,0
"S3","dynamic",36,1,8,8,0,0.146666666666667,0.629668299901967,0.629668299901967,0
"S3","dynamic",36,1,8,8,0.5,0.02,0.629668299901967,0.629668299901967,0
"S3","dynamic",36,1,8,8,1,0.02,0.629668299901967,0.629668299901967,0
"S3","dynamic",36,1,8,8,2,0.0466666666666667,0.629668299901967,0.629668299901967,0
"S3","dynamic",36,1,12,12,0,0.02,0.629668299901967,0.629668299901967,0
"S3","dynamic",36,1,12,12,0.5,0.0133333333333333,0.629668299901967,0.629668299901967,0
"S3","dynamic",36,1,12,12,1,0.0133333333333333,0.629668299901967,0.629668299901967,0
"S3","dynamic",36,1,12,12,2,0.0266666666666667,0.629668299901967,0.629668299901967,0
"S3","dynamic",36,1,24,24,0,0.0133333333333333,0.629668299901967,0.629668299901967,0
"S3","dynamic",36,1,24,24,0.5,0,0.629668299901967,0.629668299901967,0
"S3","dynamic",36,1,24,24,1,0,0.629668299901967,0.629668299901967,0
"S3","dynamic",36,1,24,24,2,0,0.629668299901967,0.629668299901967,0
"S3","dynamic",36,9,1,9,0,0.0266666666666667,1.39599545045744,0.866523104900238,0.854221640499418
"S3","dynamic",36,9,1,9,0.5,0.00666666666666667,1.39599545045744,0.866523104900238,0.854221640499418
"S3","dynamic",36,9,1,9,1,0,1.39599545045744,0.866523104900238,0.854221640499418
"S3","dynamic",36,9,1,9,2,0.00666666666666667,1.39599545045744,0.866523104900238,0.854221640499418
"S3","dynamic",36,9,2,18,0,0,1.39599545045744,0.866523104900238,0.854221640499418
"S3","dynamic",36,9,2,18,0.5,0,1.39599545045744,0.866523104900238,0.854221640499418
"S3","dynamic",36,9,2,18,1,0,1.39599545045744,0.866523104900238,0.854221640499418
"S3","dynamic",36,9,2,18,2,0,1.39599545045744,0.866523104900238,0.854221640499418
"S3","dynamic",36,9,4,36,0,0,1.39599545045744,0.866523104900238,0.854221640499418
"S3","dynamic",36,9,4,36,0.5,0,1.39599545045744,0.866523104900238,0.854221640499418
"S3","dynamic",36,9,4,36,1,0,1.39599545045744,0.866523104900238,0.854221640499418
"S3","dynamic",36,9,4,36,2,0,1.39599545045744,0.866523104900238,0.854221640499418
"S3","dynamic",36,9,8,72,0,0,1.39599545045744,0.866523104900238,0.854221640499418
"S3","dynamic",36,9,8,72,0.5,0,1.39599545045744,0.866523104900238,0.854221640499418
"S3","dynamic",36,9,8,72,1,0,1.39599545045744,0.866523104900238,0.854221640499418
"S3","dynamic",36,9,8,72,2,0,1.39599545045744,0.866523104900238,0.854221640499418
"S3","dynamic",36,9,12,108,0,0,1.39599545045744,0.866523104900238,0.854221640499418
"S3","dynamic",36,9,12,108,0.5,0,1.39599545045744,0.866523104900238,0.854221640499418
"S3","dynamic",36,9,12,108,1,0,1.39599545045744,0.866523104900238,0.854221640499418
"S3","dynamic",36,9,12,108,2,0,1.39599545045744,0.866523104900238,0.854221640499418
"S3","dynamic",36,9,24,216,0,0,1.39599545045744,0.866523104900238,0.854221640499418
"S3","dynamic",36,9,24,216,0.5,0,1.39599545045744,0.866523104900238,0.854221640499418
"S3","dynamic",36,9,24,216,1,0,1.39599545045744,0.866523104900238,0.854221640499418
"S3","dynamic",36,9,24,216,2,0,1.39599545045744,0.866523104900238,0.854221640499418
"S3","dynamic",37,1,1,1,0,0.406666666666667,0.736986881022994,0.736986881022994,0
"S3","dynamic",37,1,1,1,0.5,0.06,0.736986881022994,0.736986881022994,0
"S3","dynamic",37,1,1,1,1,0.0666666666666667,0.736986881022994,0.736986881022994,0
"S3","dynamic",37,1,1,1,2,0.0733333333333333,0.736986881022994,0.736986881022994,0
"S3","dynamic",37,1,2,2,0,0.306666666666667,0.736986881022994,0.736986881022994,0
"S3","dynamic",37,1,2,2,0.5,0.0466666666666667,0.736986881022994,0.736986881022994,0
"S3","dynamic",37,1,2,2,1,0.04,0.736986881022994,0.736986881022994,0
"S3","dynamic",37,1,2,2,2,0.06,0.736986881022994,0.736986881022994,0
"S3","dynamic",37,1,4,4,0,0.18,0.736986881022994,0.736986881022994,0
"S3","dynamic",37,1,4,4,0.5,0.04,0.736986881022994,0.736986881022994,0
"S3","dynamic",37,1,4,4,1,0.0266666666666667,0.736986881022994,0.736986881022994,0
"S3","dynamic",37,1,4,4,2,0.0466666666666667,0.736986881022994,0.736986881022994,0
"S3","dynamic",37,1,8,8,0,0.0733333333333333,0.736986881022994,0.736986881022994,0
"S3","dynamic",37,1,8,8,0.5,0.04,0.736986881022994,0.736986881022994,0
"S3","dynamic",37,1,8,8,1,0.02,0.736986881022994,0.736986881022994,0
"S3","dynamic",37,1,8,8,2,0.0333333333333333,0.736986881022994,0.736986881022994,0
"S3","dynamic",37,1,12,12,0,0.0266666666666667,0.736986881022994,0.736986881022994,0
"S3","dynamic",37,1,12,12,0.5,0,0.736986881022994,0.736986881022994,0
"S3","dynamic",37,1,12,12,1,0,0.736986881022994,0.736986881022994,0
"S3","dynamic",37,1,12,12,2,0,0.736986881022994,0.736986881022994,0
"S3","dynamic",37,1,24,24,0,0,0.736986881022994,0.736986881022994,0
"S3","dynamic",37,1,24,24,0.5,0,0.736986881022994,0.736986881022994,0
"S3","dynamic",37,1,24,24,1,0,0.736986881022994,0.736986881022994,0
"S3","dynamic",37,1,24,24,2,0,0.736986881022994,0.736986881022994,0
"S3","dynamic",37,9,1,9,0,0.0133333333333333,0.855816304554634,0.774875306569903,0.834603003689605
"S3","dynamic",37,9,1,9,0.5,0,0.855816304554634,0.774875306569903,0.834603003689605
"S3","dynamic",37,9,1,9,1,0,0.855816304554634,0.774875306569903,0.834603003689605
"S3","dynamic",37,9,1,9,2,0.00666666666666667,0.855816304554634,0.774875306569903,0.834603003689605
"S3","dynamic",37,9,2,18,0,0,0.855816304554634,0.774875306569903,0.834603003689605
"S3","dynamic",37,9,2,18,0.5,0,0.855816304554634,0.774875306569903,0.834603003689605
"S3","dynamic",37,9,2,18,1,0,0.855816304554634,0.774875306569903,0.834603003689605
"S3","dynamic",37,9,2,18,2,0,0.855816304554634,0.774875306569903,0.834603003689605
"S3","dynamic",37,9,4,36,0,0,0.855816304554634,0.774875306569903,0.834603003689605
"S3","dynamic",37,9,4,36,0.5,0,0.855816304554634,0.774875306569903,0.834603003689605
"S3","dynamic",37,9,4,36,1,0,0.855816304554634,0.774875306569903,0.834603003689605
"S3","dynamic",37,9,4,36,2,0,0.855816304554634,0.774875306569903,0.834603003689605
"S3","dynamic",37,9,8,72,0,0,0.855816304554634,0.774875306569903,0.834603003689605
"S3","dynamic",37,9,8,72,0.5,0,0.855816304554634,0.774875306569903,0.834603003689605
"S3","dynamic",37,9,8,72,1,0,0.855816304554634,0.774875306569903,0.834603003689605
"S3","dynamic",37,9,8,72,2,0,0.855816304554634,0.774875306569903,0.834603003689605
"S3","dynamic",37,9,12,108,0,0,0.855816304554634,0.774875306569903,0.834603003689605
"S3","dynamic",37,9,12,108,0.5,0,0.855816304554634,0.774875306569903,0.834603003689605
"S3","dynamic",37,9,12,108,1,0,0.855816304554634,0.774875306569903,0.834603003689605
"S3","dynamic",37,9,12,108,2,0,0.855816304554634,0.774875306569903,0.834603003689605
"S3","dynamic",37,9,24,216,0,0,0.855816304554634,0.774875306569903,0.834603003689605
"S3","dynamic",37,9,24,216,0.5,0,0.855816304554634,0.774875306569903,0.834603003689605
"S3","dynamic",37,9,24,216,1,0,0.855816304554634,0.774875306569903,0.834603003689605
"S3","dynamic",37,9,24,216,2,0,0.855816304554634,0.774875306569903,0.834603003689605
"S3","dynamic",38,1,1,1,0,0.433333333333333,0.587904249829115,0.587904249829115,0
"S3","dynamic",38,1,1,1,0.5,0.06,0.587904249829115,0.587904249829115,0
"S3","dynamic",38,1,1,1,1,0.0666666666666667,0.587904249829115,0.587904249829115,0
"S3","dynamic",38,1,1,1,2,0.0866666666666667,0.587904249829115,0.587904249829115,0
"S3","dynamic",38,1,2,2,0,0.353333333333333,0.587904249829115,0.587904249829115,0
"S3","dynamic",38,1,2,2,0.5,0.04,0.587904249829115,0.587904249829115,0
"S3","dynamic",38,1,2,2,1,0.0733333333333333,0.587904249829115,0.587904249829115,0
"S3","dynamic",38,1,2,2,2,0.08,0.587904249829115,0.587904249829115,0
"S3","dynamic",38,1,4,4,0,0.193333333333333,0.587904249829115,0.587904249829115,0
"S3","dynamic",38,1,4,4,0.5,0.0466666666666667,0.587904249829115,0.587904249829115,0
"S3","dynamic",38,1,4,4,1,0.0333333333333333,0.587904249829115,0.587904249829115,0
"S3","dynamic",38,1,4,4,2,0.0533333333333333,0.587904249829115,0.587904249829115,0
"S3","dynamic",38,1,8,8,0,0.04,0.587904249829115,0.587904249829115,0
"S3","dynamic",38,1,8,8,0.5,0.00666666666666667,0.587904249829115,0.587904249829115,0
"S3","dynamic",38,1,8,8,1,0.00666666666666667,0.587904249829115,0.587904249829115,0
"S3","dynamic",38,1,8,8,2,0.02,0.587904249829115,0.587904249829115,0
"S3","dynamic",38,1,12,12,0,0.00666666666666667,0.587904249829115,0.587904249829115,0
"S3","dynamic",38,1,12,12,0.5,0,0.587904249829115,0.587904249829115,0
"S3","dynamic",38,1,12,12,1,0,0.587904249829115,0.587904249829115,0
"S3","dynamic",38,1,12,12,2,0,0.587904249829115,0.587904249829115,0
"S3","dynamic",38,1,24,24,0,0,0.587904249829115,0.587904249829115,0
"S3","dynamic",38,1,24,24,0.5,0,0.587904249829115,0.587904249829115,0
"S3","dynamic",38,1,24,24,1,0,0.587904249829115,0.587904249829115,0
"S3","dynamic",38,1,24,24,2,0,0.587904249829115,0.587904249829115,0
"S3","dynamic",38,9,1,9,0,0.02,0.809385972108715,0.67450502404472,0.831917922975112
"S3","dynamic",38,9,1,9,0.5,0,0.809385972108715,0.67450502404472,0.831917922975112
"S3","dynamic",38,9,1,9,1,0,0.809385972108715,0.67450502404472,0.831917922975112
"S3","dynamic",38,9,1,9,2,0.00666666666666667,0.809385972108715,0.67450502404472,0.831917922975112
"S3","dynamic",38,9,2,18,0,0,0.809385972108715,0.67450502404472,0.831917922975112
"S3","dynamic",38,9,2,18,0.5,0,0.809385972108715,0.67450502404472,0.831917922975112
"S3","dynamic",38,9,2,18,1,0,0.809385972108715,0.67450502404472,0.831917922975112
"S3","dynamic",38,9,2,18,2,0,0.809385972108715,0.67450502404472,0.831917922975112
"S3","dynamic",38,9,4,36,0,0,0.809385972108715,0.67450502404472,0.831917922975112
"S3","dynamic",38,9,4,36,0.5,0,0.809385972108715,0.67450502404472,0.831917922975112
"S3","dynamic",38,9,4,36,1,0,0.809385972108715,0.67450502404472,0.831917922975112
"S3","dynamic",38,9,4,36,2,0,0.809385972108715,0.67450502404472,0.831917922975112
"S3","dynamic",38,9,8,72,0,0,0.809385972108715,0.67450502404472,0.831917922975112
"S3","dynamic",38,9,8,72,0.5,0,0.809385972108715,0.67450502404472,0.831917922975112
"S3","dynamic",38,9,8,72,1,0,0.809385972108715,0.67450502404472,0.831917922975112
"S3","dynamic",38,9,8,72,2,0,0.809385972108715,0.67450502404472,0.831917922975112
"S3","dynamic",38,9,12,108,0,0,0.809385972108715,0.67450502404472,0.831917922975112
"S3","dynamic",38,9,12,108,0.5,0,0.809385972108715,0.67450502404472,0.831917922975112
"S3","dynamic",38,9,12,108,1,0,0.809385972108715,0.67450502404472,0.831917922975112
"S3","dynamic",38,9,12,108,2,0,0.809385972108715,0.67450502404472,0.831917922975112
"S3","dynamic",38,9,24,216,0,0,0.809385972108715,0.67450502404472,0.831917922975112
"S3","dynamic",38,9,24,216,0.5,0,0.809385972108715,0.67450502404472,0.831917922975112
"S3","dynamic",38,9,24,216,1,0,0.809385972108715,0.67450502404472,0.831917922975112
"S3","dynamic",38,9,24,216,2,0,0.809385972108715,0.67450502404472,0.831917922975112
"S3","dynamic",39,1,1,1,0,0.34,0.557890047397332,0.557890047397332,0
"S3","dynamic",39,1,1,1,0.5,0.0866666666666667,0.557890047397332,0.557890047397332,0
"S3","dynamic",39,1,1,1,1,0.0933333333333333,0.557890047397332,0.557890047397332,0
"S3","dynamic",39,1,1,1,2,0.106666666666667,0.557890047397332,0.557890047397332,0
"S3","dynamic",39,1,2,2,0,0.22,0.557890047397332,0.557890047397332,0
"S3","dynamic",39,1,2,2,0.5,0.0533333333333333,0.557890047397332,0.557890047397332,0
"S3","dynamic",39,1,2,2,1,0.0666666666666667,0.557890047397332,0.557890047397332,0
"S3","dynamic",39,1,2,2,2,0.0933333333333333,0.557890047397332,0.557890047397332,0
"S3","dynamic",39,1,4,4,0,0.12,0.557890047397332,0.557890047397332,0
"S3","dynamic",39,1,4,4,0.5,0.0266666666666667,0.557890047397332,0.557890047397332,0
"S3","dynamic",39,1,4,4,1,0.06,0.557890047397332,0.557890047397332,0
"S3","dynamic",39,1,4,4,2,0.0866666666666667,0.557890047397332,0.557890047397332,0
"S3","dynamic",39,1,8,8,0,0.02,0.557890047397332,0.557890047397332,0
"S3","dynamic",39,1,8,8,0.5,0.00666666666666667,0.557890047397332,0.557890047397332,0
"S3","dynamic",39,1,8,8,1,0.02,0.557890047397332,0.557890047397332,0
"S3","dynamic",39,1,8,8,2,0.0466666666666667,0.557890047397332,0.557890047397332,0
"S3","dynamic",39,1,12,12,0,0.00666666666666667,0.557890047397332,0.557890047397332,0
"S3","dynamic",39,1,12,12,0.5,0,0.557890047397332,0.557890047397332,0
"S3","dynamic",39,1,12,12,1,0,0.557890047397332,0.557890047397332,0
"S3","dynamic",39,1,12,12,2,0.00666666666666667,0.557890047397332,0.557890047397332,0
"S3","dynamic",39,1,24,24,0,0,0.557890047397332,0.557890047397332,0
"S3","dynamic",39,1,24,24,0.5,0,0.557890047397332,0.557890047397332,0
"S3","dynamic",39,1,24,24,1,0,0.557890047397332,0.557890047397332,0
"S3","dynamic",39,1,24,24,2,0,0.557890047397332,0.557890047397332,0
"S3","dynamic",39,9,1,9,0,0.06,0.779386818899253,0.651241615769172,0.787355442971456
"S3","dynamic",39,9,1,9,0.5,0.0133333333333333,0.779386818899253,0.651241615769172,0.787355442971456
"S3","dynamic",39,9,1,9,1,0.00666666666666667,0.779386818899253,0.651241615769172,0.787355442971456
"S3","dynamic",39,9,1,9,2,0.04,0.779386818899253,0.651241615769172,0.787355442971456
"S3","dynamic",39,9,2,18,0,0.02,0.779386818899253,0.651241615769172,0.787355442971456
"S3","dynamic",39,9,2,18,0.5,0.00666666666666667,0.779386818899253,0.651241615769172,0.787355442971456
"S3","dynamic",39,9,2,18,1,0.00666666666666667,0.779386818899253,0.651241615769172,0.787355442971456
"S3","dynamic",39,9,2,18,2,0,0.779386818899253,0.651241615769172,0.787355442971456
"S3","dynamic",39,9,4,36,0,0,0.779386818899253,0.651241615769172,0.787355442971456
"S3","dynamic",39,9,4,36,0.5,0,0.779386818899253,0.651241615769172,0.787355442971456
"S3","dynamic",39,9,4,36,1,0,0.779386818899253,0.651241615769172,0.787355442971456
"S3","dynamic",39,9,4,36,2,0,0.779386818899253,0.651241615769172,0.787355442971456
"S3","dynamic",39,9,8,72,0,0,0.779386818899253,0.651241615769172,0.787355442971456
"S3","dynamic",39,9,8,72,0.5,0,0.779386818899253,0.651241615769172,0.787355442971456
"S3","dynamic",39,9,8,72,1,0,0.779386818899253,0.651241615769172,0.787355442971456
"S3","dynamic",39,9,8,72,2,0,0.779386818899253,0.651241615769172,0.787355442971456
"S3","dynamic",39,9,12,108,0,0,0.779386818899253,0.651241615769172,0.787355442971456
"S3","dynamic",39,9,12,108,0.5,0,0.779386818899253,0.651241615769172,0.787355442971456
"S3","dynamic",39,9,12,108,1,0,0.779386818899253,0.651241615769172,0.787355442971456
"S3","dynamic",39,9,12,108,2,0,0.779386818899253,0.651241615769172,0.787355442971456
"S3","dynamic",39,9,24,216,0,0,0.779386818899253,0.651241615769172,0.787355442971456
"S3","dynamic",39,9,24,216,0.5,0,0.779386818899253,0.651241615769172,0.787355442971456
"S3","dynamic",39,9,24,216,1,0,0.779386818899253,0.651241615769172,0.787355442971456
"S3","dynamic",39,9,24,216,2,0,0.779386818899253,0.651241615769172,0.787355442971456
"S3","dynamic",40,1,1,1,0,0.333333333333333,0.612555843515656,0.612555843515656,0
"S3","dynamic",40,1,1,1,0.5,0.0866666666666667,0.612555843515656,0.612555843515656,0
"S3","dynamic",40,1,1,1,1,0.1,0.612555843515656,0.612555843515656,0
"S3","dynamic",40,1,1,1,2,0.113333333333333,0.612555843515656,0.612555843515656,0
"S3","dynamic",40,1,2,2,0,0.233333333333333,0.612555843515656,0.612555843515656,0
"S3","dynamic",40,1,2,2,0.5,0.0533333333333333,0.612555843515656,0.612555843515656,0
"S3","dynamic",40,1,2,2,1,0.0533333333333333,0.612555843515656,0.612555843515656,0
"S3","dynamic",40,1,2,2,2,0.0666666666666667,0.612555843515656,0.612555843515656,0
"S3","dynamic",40,1,4,4,0,0.113333333333333,0.612555843515656,0.612555843515656,0
"S3","dynamic",40,1,4,4,0.5,0.02,0.612555843515656,0.612555843515656,0
"S3","dynamic",40,1,4,4,1,0.04,0.612555843515656,0.612555843515656,0
"S3","dynamic",40,1,4,4,2,0.06,0.612555843515656,0.612555843515656,0
"S3","dynamic",40,1,8,8,0,0.0333333333333333,0.612555843515656,0.612555843515656,0
"S3","dynamic",40,1,8,8,0.5,0,0.612555843515656,0.612555843515656,0
"S3","dynamic",40,1,8,8,1,0,0.612555843515656,0.612555843515656,0
"S3","dynamic",40,1,8,8,2,0.02,0.612555843515656,0.612555843515656,0
"S3","dynamic",40,1,12,12,0,0.0133333333333333,0.612555843515656,0.612555843515656,0
"S3","dynamic",40,1,12,12,0.5,0,0.612555843515656,0.612555843515656,0
"S3","dynamic",40,1,12,12,1,0,0.612555843515656,0.612555843515656,0
"S3","dynamic",40,1,12,12,2,0.00666666666666667,0.612555843515656,0.612555843515656,0
"S3","dynamic",40,1,24,24,0,0,0.612555843515656,0.612555843515656,0
"S3","dynamic",40,1,24,24,0.5,0,0.612555843515656,0.612555843515656,0
"S3","dynamic",40,1,24,24,1,0,0.612555843515656,0.612555843515656,0
"S3","dynamic",40,1,24,24,2,0,0.612555843515656,0.612555843515656,0
"S3","dynamic",40,9,1,9,0,0.0533333333333333,0.937630034454324,0.652668635194135,0.822194680531282
"S3","dynamic",40,9,1,9,0.5,0.00666666666666667,0.937630034454324,0.652668635194135,0.822194680531282
"S3","dynamic",40,9,1,9,1,0.00666666666666667,0.937630034454324,0.652668635194135,0.822194680531282
"S3","dynamic",40,9,1,9,2,0,0.937630034454324,0.652668635194135,0.822194680531282
"S3","dynamic",40,9,2,18,0,0,0.937630034454324,0.652668635194135,0.822194680531282
"S3","dynamic",40,9,2,18,0.5,0,0.937630034454324,0.652668635194135,0.822194680531282
"S3","dynamic",40,9,2,18,1,0,0.937630034454324,0.652668635194135,0.822194680531282
"S3","dynamic",40,9,2,18,2,0,0.937630034454324,0.652668635194135,0.822194680531282
"S3","dynamic",40,9,4,36,0,0,0.937630034454324,0.652668635194135,0.822194680531282
"S3","dynamic",40,9,4,36,0.5,0,0.937630034454324,0.652668635194135,0.822194680531282
"S3","dynamic",40,9,4,36,1,0,0.937630034454324,0.652668635194135,0.822194680531282
"S3","dynamic",40,9,4,36,2,0,0.937630034454324,0.652668635194135,0.822194680531282
"S3","dynamic",40,9,8,72,0,0,0.937630034454324,0.652668635194135,0.822194680531282
"S3","dynamic",40,9,8,72,0.5,0,0.937630034454324,0.652668635194135,0.822194680531282
"S3","dynamic",40,9,8,72,1,0,0.937630034454324,0.652668635194135,0.822194680531282
"S3","dynamic",40,9,8,72,2,0,0.937630034454324,0.652668635194135,0.822194680531282
"S3","dynamic",40,9,12,108,0,0,0.937630034454324,0.652668635194135,0.822194680531282
"S3","dynamic",40,9,12,108,0.5,0,0.937630034454324,0.652668635194135,0.822194680531282
"S3","dynamic",40,9,12,108,1,0,0.937630034454324,0.652668635194135,0.822194680531282
"S3","dynamic",40,9,12,108,2,0,0.937630034454324,0.652668635194135,0.822194680531282
"S3","dynamic",40,9,24,216,0,0,0.937630034454324,0.652668635194135,0.822194680531282
"S3","dynamic",40,9,24,216,0.5,0,0.937630034454324,0.652668635194135,0.822194680531282
"S3","dynamic",40,9,24,216,1,0,0.937630034454324,0.652668635194135,0.822194680531282
"S3","dynamic",40,9,24,216,2,0,0.937630034454324,0.652668635194135,0.822194680531282
"S3","dynamic",41,1,1,1,0,0.386666666666667,0.586930804613309,0.586930804613309,0
"S3","dynamic",41,1,1,1,0.5,0.06,0.586930804613309,0.586930804613309,0
"S3","dynamic",41,1,1,1,1,0.06,0.586930804613309,0.586930804613309,0
"S3","dynamic",41,1,1,1,2,0.0733333333333333,0.586930804613309,0.586930804613309,0
"S3","dynamic",41,1,2,2,0,0.186666666666667,0.586930804613309,0.586930804613309,0
"S3","dynamic",41,1,2,2,0.5,0.0466666666666667,0.586930804613309,0.586930804613309,0
"S3","dynamic",41,1,2,2,1,0.0466666666666667,0.586930804613309,0.586930804613309,0
"S3","dynamic",41,1,2,2,2,0.06,0.586930804613309,0.586930804613309,0
"S3","dynamic",41,1,4,4,0,0.0866666666666667,0.586930804613309,0.586930804613309,0
"S3","dynamic",41,1,4,4,0.5,0.0333333333333333,0.586930804613309,0.586930804613309,0
"S3","dynamic",41,1,4,4,1,0.04,0.586930804613309,0.586930804613309,0
"S3","dynamic",41,1,4,4,2,0.0533333333333333,0.586930804613309,0.586930804613309,0
"S3","dynamic",41,1,8,8,0,0.04,0.586930804613309,0.586930804613309,0
"S3","dynamic",41,1,8,8,0.5,0.0133333333333333,0.586930804613309,0.586930804613309,0
"S3","dynamic",41,1,8,8,1,0.00666666666666667,0.586930804613309,0.586930804613309,0
"S3","dynamic",41,1,8,8,2,0.00666666666666667,0.586930804613309,0.586930804613309,0
"S3","dynamic",41,1,12,12,0,0.00666666666666667,0.586930804613309,0.586930804613309,0
"S3","dynamic",41,1,12,12,0.5,0,0.586930804613309,0.586930804613309,0
"S3","dynamic",41,1,12,12,1,0,0.586930804613309,0.586930804613309,0
"S3","dynamic",41,1,12,12,2,0,0.586930804613309,0.586930804613309,0
"S3","dynamic",41,1,24,24,0,0,0.586930804613309,0.586930804613309,0
"S3","dynamic",41,1,24,24,0.5,0,0.586930804613309,0.586930804613309,0
"S3","dynamic",41,1,24,24,1,0,0.586930804613309,0.586930804613309,0
"S3","dynamic",41,1,24,24,2,0,0.586930804613309,0.586930804613309,0
"S3","dynamic",41,9,1,9,0,0.0266666666666667,1.08776010758021,0.634635906439886,0.81833057175214
"S3","dynamic",41,9,1,9,0.5,0.00666666666666667,1.08776010758021,0.634635906439886,0.81833057175214
"S3","dynamic",41,9,1,9,1,0,1.08776010758021,0.634635906439886,0.81833057175214
"S3","dynamic",41,9,1,9,2,0.00666666666666667,1.08776010758021,0.634635906439886,0.81833057175214
"S3","dynamic",41,9,2,18,0,0,1.08776010758021,0.634635906439886,0.81833057175214
"S3","dynamic",41,9,2,18,0.5,0,1.08776010758021,0.634635906439886,0.81833057175214
"S3","dynamic",41,9,2,18,1,0,1.08776010758021,0.634635906439886,0.81833057175214
"S3","dynamic",41,9,2,18,2,0,1.08776010758021,0.634635906439886,0.81833057175214
"S3","dynamic",41,9,4,36,0,0,1.08776010758021,0.634635906439886,0.81833057175214
"S3","dynamic",41,9,4,36,0.5,0,1.08776010758021,0.634635906439886,0.81833057175214
"S3","dynamic",41,9,4,36,1,0,1.08776010758021,0.634635906439886,0.81833057175214
"S3","dynamic",41,9,4,36,2,0,1.08776010758021,0.634635906439886,0.81833057175214
"S3","dynamic",41,9,8,72,0,0,1.08776010758021,0.634635906439886,0.81833057175214
"S3","dynamic",41,9,8,72,0.5,0,1.08776010758021,0.634635906439886,0.81833057175214
"S3","dynamic",41,9,8,72,1,0,1.08776010758021,0.634635906439886,0.81833057175214
"S3","dynamic",41,9,8,72,2,0,1.08776010758021,0.634635906439886,0.81833057175214
"S3","dynamic",41,9,12,108,0,0,1.08776010758021,0.634635906439886,0.81833057175214
"S3","dynamic",41,9,12,108,0.5,0,1.08776010758021,0.634635906439886,0.81833057175214
"S3","dynamic",41,9,12,108,1,0,1.08776010758021,0.634635906439886,0.81833057175214
"S3","dynamic",41,9,12,108,2,0,1.08776010758021,0.634635906439886,0.81833057175214
"S3","dynamic",41,9,24,216,0,0,1.08776010758021,0.634635906439886,0.81833057175214
"S3","dynamic",41,9,24,216,0.5,0,1.08776010758021,0.634635906439886,0.81833057175214
"S3","dynamic",41,9,24,216,1,0,1.08776010758021,0.634635906439886,0.81833057175214
"S3","dynamic",41,9,24,216,2,0,1.08776010758021,0.634635906439886,0.81833057175214
"S3","dynamic",42,1,1,1,0,0.466666666666667,0.817914294533494,0.817914294533494,0
"S3","dynamic",42,1,1,1,0.5,0.106666666666667,0.817914294533494,0.817914294533494,0
"S3","dynamic",42,1,1,1,1,0.0866666666666667,0.817914294533494,0.817914294533494,0
"S3","dynamic",42,1,1,1,2,0.08,0.817914294533494,0.817914294533494,0
"S3","dynamic",42,1,2,2,0,0.286666666666667,0.817914294533494,0.817914294533494,0
"S3","dynamic",42,1,2,2,0.5,0.0533333333333333,0.817914294533494,0.817914294533494,0
"S3","dynamic",42,1,2,2,1,0.0466666666666667,0.817914294533494,0.817914294533494,0
"S3","dynamic",42,1,2,2,2,0.0733333333333333,0.817914294533494,0.817914294533494,0
"S3","dynamic",42,1,4,4,0,0.213333333333333,0.817914294533494,0.817914294533494,0
"S3","dynamic",42,1,4,4,0.5,0.06,0.817914294533494,0.817914294533494,0
"S3","dynamic",42,1,4,4,1,0.0333333333333333,0.817914294533494,0.817914294533494,0
"S3","dynamic",42,1,4,4,2,0.0466666666666667,0.817914294533494,0.817914294533494,0
"S3","dynamic",42,1,8,8,0,0.0533333333333333,0.817914294533494,0.817914294533494,0
"S3","dynamic",42,1,8,8,0.5,0.0133333333333333,0.817914294533494,0.817914294533494,0
"S3","dynamic",42,1,8,8,1,0.0133333333333333,0.817914294533494,0.817914294533494,0
"S3","dynamic",42,1,8,8,2,0.00666666666666667,0.817914294533494,0.817914294533494,0
"S3","dynamic",42,1,12,12,0,0.0266666666666667,0.817914294533494,0.817914294533494,0
"S3","dynamic",42,1,12,12,0.5,0.0133333333333333,0.817914294533494,0.817914294533494,0
"S3","dynamic",42,1,12,12,1,0,0.817914294533494,0.817914294533494,0
"S3","dynamic",42,1,12,12,2,0.00666666666666667,0.817914294533494,0.817914294533494,0
"S3","dynamic",42,1,24,24,0,0.00666666666666667,0.817914294533494,0.817914294533494,0
"S3","dynamic",42,1,24,24,0.5,0.00666666666666667,0.817914294533494,0.817914294533494,0
"S3","dynamic",42,1,24,24,1,0,0.817914294533494,0.817914294533494,0
"S3","dynamic",42,1,24,24,2,0,0.817914294533494,0.817914294533494,0
"S3","dynamic",42,9,1,9,0,0.0266666666666667,6.42950797298853,0.770572944594419,0.821079915666517
"S3","dynamic",42,9,1,9,0.5,0,6.42950797298853,0.770572944594419,0.821079915666517
"S3","dynamic",42,9,1,9,1,0,6.42950797298853,0.770572944594419,0.821079915666517
"S3","dynamic",42,9,1,9,2,0.00666666666666667,6.42950797298853,0.770572944594419,0.821079915666517
"S3","dynamic",42,9,2,18,0,0,6.42950797298853,0.770572944594419,0.821079915666517
"S3","dynamic",42,9,2,18,0.5,0,6.42950797298853,0.770572944594419,0.821079915666517
"S3","dynamic",42,9,2,18,1,0,6.42950797298853,0.770572944594419,0.821079915666517
"S3","dynamic",42,9,2,18,2,0,6.42950797298853,0.770572944594419,0.821079915666517
"S3","dynamic",42,9,4,36,0,0,6.42950797298853,0.770572944594419,0.821079915666517
"S3","dynamic",42,9,4,36,0.5,0,6.42950797298853,0.770572944594419,0.821079915666517
"S3","dynamic",42,9,4,36,1,0,6.42950797298853,0.770572944594419,0.821079915666517
"S3","dynamic",42,9,4,36,2,0,6.42950797298853,0.770572944594419,0.821079915666517
"S3","dynamic",42,9,8,72,0,0,6.42950797298853,0.770572944594419,0.821079915666517
"S3","dynamic",42,9,8,72,0.5,0,6.42950797298853,0.770572944594419,0.821079915666517
"S3","dynamic",42,9,8,72,1,0,6.42950797298853,0.770572944594419,0.821079915666517
"S3","dynamic",42,9,8,72,2,0,6.42950797298853,0.770572944594419,0.821079915666517
"S3","dynamic",42,9,12,108,0,0,6.42950797298853,0.770572944594419,0.821079915666517
"S3","dynamic",42,9,12,108,0.5,0,6.42950797298853,0.770572944594419,0.821079915666517
"S3","dynamic",42,9,12,108,1,0,6.42950797298853,0.770572944594419,0.821079915666517
"S3","dynamic",42,9,12,108,2,0,6.42950797298853,0.770572944594419,0.821079915666517
"S3","dynamic",42,9,24,216,0,0,6.42950797298853,0.770572944594419,0.821079915666517
"S3","dynamic",42,9,24,216,0.5,0,6.42950797298853,0.770572944594419,0.821079915666517
"S3","dynamic",42,9,24,216,1,0,6.42950797298853,0.770572944594419,0.821079915666517
"S3","dynamic",42,9,24,216,2,0,6.42950797298853,0.770572944594419,0.821079915666517
"S3","dynamic",43,1,1,1,0,0.4,0.640177515732218,0.640177515732218,0
"S3","dynamic",43,1,1,1,0.5,0.0533333333333333,0.640177515732218,0.640177515732218,0
"S3","dynamic",43,1,1,1,1,0.06,0.640177515732218,0.640177515732218,0
"S3","dynamic",43,1,1,1,2,0.0733333333333333,0.640177515732218,0.640177515732218,0
"S3","dynamic",43,1,2,2,0,0.326666666666667,0.640177515732218,0.640177515732218,0
"S3","dynamic",43,1,2,2,0.5,0.0466666666666667,0.640177515732218,0.640177515732218,0
"S3","dynamic",43,1,2,2,1,0.0533333333333333,0.640177515732218,0.640177515732218,0
"S3","dynamic",43,1,2,2,2,0.0666666666666667,0.640177515732218,0.640177515732218,0
"S3","dynamic",43,1,4,4,0,0.2,0.640177515732218,0.640177515732218,0
"S3","dynamic",43,1,4,4,0.5,0.0266666666666667,0.640177515732218,0.640177515732218,0
"S3","dynamic",43,1,4,4,1,0.0333333333333333,0.640177515732218,0.640177515732218,0
"S3","dynamic",43,1,4,4,2,0.0466666666666667,0.640177515732218,0.640177515732218,0
"S3","dynamic",43,1,8,8,0,0.0666666666666667,0.640177515732218,0.640177515732218,0
"S3","dynamic",43,1,8,8,0.5,0.00666666666666667,0.640177515732218,0.640177515732218,0
"S3","dynamic",43,1,8,8,1,0.00666666666666667,0.640177515732218,0.640177515732218,0
"S3","dynamic",43,1,8,8,2,0.02,0.640177515732218,0.640177515732218,0
"S3","dynamic",43,1,12,12,0,0.0266666666666667,0.640177515732218,0.640177515732218,0
"S3","dynamic",43,1,12,12,0.5,0.00666666666666667,0.640177515732218,0.640177515732218,0
"S3","dynamic",43,1,12,12,1,0.00666666666666667,0.640177515732218,0.640177515732218,0
"S3","dynamic",43,1,12,12,2,0.00666666666666667,0.640177515732218,0.640177515732218,0
"S3","dynamic",43,1,24,24,0,0.00666666666666667,0.640177515732218,0.640177515732218,0
"S3","dynamic",43,1,24,24,0.5,0.00666666666666667,0.640177515732218,0.640177515732218,0
"S3","dynamic",43,1,24,24,1,0,0.640177515732218,0.640177515732218,0
"S3","dynamic",43,1,24,24,2,0.00666666666666667,0.640177515732218,0.640177515732218,0
"S3","dynamic",43,9,1,9,0,0.0133333333333333,0.964477997628537,0.699477104343291,0.815069473433852
"S3","dynamic",43,9,1,9,0.5,0,0.964477997628537,0.699477104343291,0.815069473433852
"S3","dynamic",43,9,1,9,1,0,0.964477997628537,0.699477104343291,0.815069473433852
"S3","dynamic",43,9,1,9,2,0,0.964477997628537,0.699477104343291,0.815069473433852
"S3","dynamic",43,9,2,18,0,0,0.964477997628537,0.699477104343291,0.815069473433852
"S3","dynamic",43,9,2,18,0.5,0,0.964477997628537,0.699477104343291,0.815069473433852
"S3","dynamic",43,9,2,18,1,0,0.964477997628537,0.699477104343291,0.815069473433852
"S3","dynamic",43,9,2,18,2,0,0.964477997628537,0.699477104343291,0.815069473433852
"S3","dynamic",43,9,4,36,0,0,0.964477997628537,0.699477104343291,0.815069473433852
"S3","dynamic",43,9,4,36,0.5,0,0.964477997628537,0.699477104343291,0.815069473433852
"S3","dynamic",43,9,4,36,1,0,0.964477997628537,0.699477104343291,0.815069473433852
"S3","dynamic",43,9,4,36,2,0,0.964477997628537,0.699477104343291,0.815069473433852
"S3","dynamic",43,9,8,72,0,0,0.964477997628537,0.699477104343291,0.815069473433852
"S3","dynamic",43,9,8,72,0.5,0,0.964477997628537,0.699477104343291,0.815069473433852
"S3","dynamic",43,9,8,72,1,0,0.964477997628537,0.699477104343291,0.815069473433852
"S3","dynamic",43,9,8,72,2,0,0.964477997628537,0.699477104343291,0.815069473433852
"S3","dynamic",43,9,12,108,0,0,0.964477997628537,0.699477104343291,0.815069473433852
"S3","dynamic",43,9,12,108,0.5,0,0.964477997628537,0.699477104343291,0.815069473433852
"S3","dynamic",43,9,12,108,1,0,0.964477997628537,0.699477104343291,0.815069473433852
"S3","dynamic",43,9,12,108,2,0,0.964477997628537,0.699477104343291,0.815069473433852
"S3","dynamic",43,9,24,216,0,0,0.964477997628537,0.699477104343291,0.815069473433852
"S3","dynamic",43,9,24,216,0.5,0,0.964477997628537,0.699477104343291,0.815069473433852
"S3","dynamic",43,9,24,216,1,0,0.964477997628537,0.699477104343291,0.815069473433852
"S3","dynamic",43,9,24,216,2,0,0.964477997628537,0.699477104343291,0.815069473433852
"S3","dynamic",44,1,1,1,0,0.46,0.65652948845504,0.65652948845504,0
"S3","dynamic",44,1,1,1,0.5,0.0666666666666667,0.65652948845504,0.65652948845504,0
"S3","dynamic",44,1,1,1,1,0.0666666666666667,0.65652948845504,0.65652948845504,0
"S3","dynamic",44,1,1,1,2,0.0666666666666667,0.65652948845504,0.65652948845504,0
"S3","dynamic",44,1,2,2,0,0.286666666666667,0.65652948845504,0.65652948845504,0
"S3","dynamic",44,1,2,2,0.5,0.0466666666666667,0.65652948845504,0.65652948845504,0
"S3","dynamic",44,1,2,2,1,0.0466666666666667,0.65652948845504,0.65652948845504,0
"S3","dynamic",44,1,2,2,2,0.06,0.65652948845504,0.65652948845504,0
"S3","dynamic",44,1,4,4,0,0.193333333333333,0.65652948845504,0.65652948845504,0
"S3","dynamic",44,1,4,4,0.5,0.04,0.65652948845504,0.65652948845504,0
"S3","dynamic",44,1,4,4,1,0.0333333333333333,0.65652948845504,0.65652948845504,0
"S3","dynamic",44,1,4,4,2,0.0533333333333333,0.65652948845504,0.65652948845504,0
"S3","dynamic",44,1,8,8,0,0.0533333333333333,0.65652948845504,0.65652948845504,0
"S3","dynamic",44,1,8,8,0.5,0.0333333333333333,0.65652948845504,0.65652948845504,0
"S3","dynamic",44,1,8,8,1,0.00666666666666667,0.65652948845504,0.65652948845504,0
"S3","dynamic",44,1,8,8,2,0.0133333333333333,0.65652948845504,0.65652948845504,0
"S3","dynamic",44,1,12,12,0,0.02,0.65652948845504,0.65652948845504,0
"S3","dynamic",44,1,12,12,0.5,0.00666666666666667,0.65652948845504,0.65652948845504,0
"S3","dynamic",44,1,12,12,1,0.00666666666666667,0.65652948845504,0.65652948845504,0
"S3","dynamic",44,1,12,12,2,0.0133333333333333,0.65652948845504,0.65652948845504,0
"S3","dynamic",44,1,24,24,0,0,0.65652948845504,0.65652948845504,0
"S3","dynamic",44,1,24,24,0.5,0,0.65652948845504,0.65652948845504,0
"S3","dynamic",44,1,24,24,1,0,0.65652948845504,0.65652948845504,0
"S3","dynamic",44,1,24,24,2,0,0.65652948845504,0.65652948845504,0
"S3","dynamic",44,9,1,9,0,0.0133333333333333,0.890224907751459,0.59814051454723,0.852464441936664
"S3","dynamic",44,9,1,9,0.5,0.00666666666666667,0.890224907751459,0.59814051454723,0.852464441936664
"S3","dynamic",44,9,1,9,1,0.02,0.890224907751459,0.59814051454723,0.852464441936664
"S3","dynamic",44,9,1,9,2,0.0266666666666667,0.890224907751459,0.59814051454723,0.852464441936664
"S3","dynamic",44,9,2,18,0,0,0.890224907751459,0.59814051454723,0.852464441936664
"S3","dynamic",44,9,2,18,0.5,0,0.890224907751459,0.59814051454723,0.852464441936664
"S3","dynamic",44,9,2,18,1,0,0.890224907751459,0.59814051454723,0.852464441936664
"S3","dynamic",44,9,2,18,2,0.00666666666666667,0.890224907751459,0.59814051454723,0.852464441936664
"S3","dynamic",44,9,4,36,0,0,0.890224907751459,0.59814051454723,0.852464441936664
"S3","dynamic",44,9,4,36,0.5,0,0.890224907751459,0.59814051454723,0.852464441936664
"S3","dynamic",44,9,4,36,1,0,0.890224907751459,0.59814051454723,0.852464441936664
"S3","dynamic",44,9,4,36,2,0,0.890224907751459,0.59814051454723,0.852464441936664
"S3","dynamic",44,9,8,72,0,0,0.890224907751459,0.59814051454723,0.852464441936664
"S3","dynamic",44,9,8,72,0.5,0,0.890224907751459,0.59814051454723,0.852464441936664
"S3","dynamic",44,9,8,72,1,0,0.890224907751459,0.59814051454723,0.852464441936664
"S3","dynamic",44,9,8,72,2,0,0.890224907751459,0.59814051454723,0.852464441936664
"S3","dynamic",44,9,12,108,0,0,0.890224907751459,0.59814051454723,0.852464441936664
"S3","dynamic",44,9,12,108,0.5,0,0.890224907751459,0.59814051454723,0.852464441936664
"S3","dynamic",44,9,12,108,1,0,0.890224907751459,0.59814051454723,0.852464441936664
"S3","dynamic",44,9,12,108,2,0,0.890224907751459,0.59814051454723,0.852464441936664
"S3","dynamic",44,9,24,216,0,0,0.890224907751459,0.59814051454723,0.852464441936664
"S3","dynamic",44,9,24,216,0.5,0,0.890224907751459,0.59814051454723,0.852464441936664
"S3","dynamic",44,9,24,216,1,0,0.890224907751459,0.59814051454723,0.852464441936664
"S3","dynamic",44,9,24,216,2,0,0.890224907751459,0.59814051454723,0.852464441936664
"S3","dynamic",45,1,1,1,0,0.386666666666667,0.672506311496778,0.672506311496778,0
"S3","dynamic",45,1,1,1,0.5,0.06,0.672506311496778,0.672506311496778,0
"S3","dynamic",45,1,1,1,1,0.0533333333333333,0.672506311496778,0.672506311496778,0
"S3","dynamic",45,1,1,1,2,0.0666666666666667,0.672506311496778,0.672506311496778,0
"S3","dynamic",45,1,2,2,0,0.36,0.672506311496778,0.672506311496778,0
"S3","dynamic",45,1,2,2,0.5,0.06,0.672506311496778,0.672506311496778,0
"S3","dynamic",45,1,2,2,1,0.06,0.672506311496778,0.672506311496778,0
"S3","dynamic",45,1,2,2,2,0.06,0.672506311496778,0.672506311496778,0
"S3","dynamic",45,1,4,4,0,0.233333333333333,0.672506311496778,0.672506311496778,0
"S3","dynamic",45,1,4,4,0.5,0.08,0.672506311496778,0.672506311496778,0
"S3","dynamic",45,1,4,4,1,0.0666666666666667,0.672506311496778,0.672506311496778,0
"S3","dynamic",45,1,4,4,2,0.06,0.672506311496778,0.672506311496778,0
"S3","dynamic",45,1,8,8,0,0.08,0.672506311496778,0.672506311496778,0
"S3","dynamic",45,1,8,8,0.5,0.02,0.672506311496778,0.672506311496778,0
"S3","dynamic",45,1,8,8,1,0.02,0.672506311496778,0.672506311496778,0
"S3","dynamic",45,1,8,8,2,0.0333333333333333,0.672506311496778,0.672506311496778,0
"S3","dynamic",45,1,12,12,0,0.0133333333333333,0.672506311496778,0.672506311496778,0
"S3","dynamic",45,1,12,12,0.5,0,0.672506311496778,0.672506311496778,0
"S3","dynamic",45,1,12,12,1,0,0.672506311496778,0.672506311496778,0
"S3","dynamic",45,1,12,12,2,0.00666666666666667,0.672506311496778,0.672506311496778,0
"S3","dynamic",45,1,24,24,0,0,0.672506311496778,0.672506311496778,0
"S3","dynamic",45,1,24,24,0.5,0,0.672506311496778,0.672506311496778,0
"S3","dynamic",45,1,24,24,1,0,0.672506311496778,0.672506311496778,0
"S3","dynamic",45,1,24,24,2,0,0.672506311496778,0.672506311496778,0
"S3","dynamic",45,9,1,9,0,0.00666666666666667,0.782689318689375,0.723338980206625,0.820879868074313
"S3","dynamic",45,9,1,9,0.5,0.00666666666666667,0.782689318689375,0.723338980206625,0.820879868074313
"S3","dynamic",45,9,1,9,1,0.0133333333333333,0.782689318689375,0.723338980206625,0.820879868074313
"S3","dynamic",45,9,1,9,2,0.02,0.782689318689375,0.723338980206625,0.820879868074313
"S3","dynamic",45,9,2,18,0,0,0.782689318689375,0.723338980206625,0.820879868074313
"S3","dynamic",45,9,2,18,0.5,0,0.782689318689375,0.723338980206625,0.820879868074313
"S3","dynamic",45,9,2,18,1,0,0.782689318689375,0.723338980206625,0.820879868074313
"S3","dynamic",45,9,2,18,2,0,0.782689318689375,0.723338980206625,0.820879868074313
"S3","dynamic",45,9,4,36,0,0,0.782689318689375,0.723338980206625,0.820879868074313
"S3","dynamic",45,9,4,36,0.5,0,0.782689318689375,0.723338980206625,0.820879868074313
"S3","dynamic",45,9,4,36,1,0,0.782689318689375,0.723338980206625,0.820879868074313
"S3","dynamic",45,9,4,36,2,0,0.782689318689375,0.723338980206625,0.820879868074313
"S3","dynamic",45,9,8,72,0,0,0.782689318689375,0.723338980206625,0.820879868074313
"S3","dynamic",45,9,8,72,0.5,0,0.782689318689375,0.723338980206625,0.820879868074313
"S3","dynamic",45,9,8,72,1,0,0.782689318689375,0.723338980206625,0.820879868074313
"S3","dynamic",45,9,8,72,2,0,0.782689318689375,0.723338980206625,0.820879868074313
"S3","dynamic",45,9,12,108,0,0,0.782689318689375,0.723338980206625,0.820879868074313
"S3","dynamic",45,9,12,108,0.5,0,0.782689318689375,0.723338980206625,0.820879868074313
"S3","dynamic",45,9,12,108,1,0,0.782689318689375,0.723338980206625,0.820879868074313
"S3","dynamic",45,9,12,108,2,0,0.782689318689375,0.723338980206625,0.820879868074313
"S3","dynamic",45,9,24,216,0,0,0.782689318689375,0.723338980206625,0.820879868074313
"S3","dynamic",45,9,24,216,0.5,0,0.782689318689375,0.723338980206625,0.820879868074313
"S3","dynamic",45,9,24,216,1,0,0.782689318689375,0.723338980206625,0.820879868074313
"S3","dynamic",45,9,24,216,2,0,0.782689318689375,0.723338980206625,0.820879868074313
"S3","dynamic",46,1,1,1,0,0.453333333333333,0.674105661009884,0.674105661009884,0
"S3","dynamic",46,1,1,1,0.5,0.12,0.674105661009884,0.674105661009884,0
"S3","dynamic",46,1,1,1,1,0.113333333333333,0.674105661009884,0.674105661009884,0
"S3","dynamic",46,1,1,1,2,0.126666666666667,0.674105661009884,0.674105661009884,0
"S3","dynamic",46,1,2,2,0,0.28,0.674105661009884,0.674105661009884,0
"S3","dynamic",46,1,2,2,0.5,0.0866666666666667,0.674105661009884,0.674105661009884,0
"S3","dynamic",46,1,2,2,1,0.0866666666666667,0.674105661009884,0.674105661009884,0
"S3","dynamic",46,1,2,2,2,0.0866666666666667,0.674105661009884,0.674105661009884,0
"S3","dynamic",46,1,4,4,0,0.186666666666667,0.674105661009884,0.674105661009884,0
"S3","dynamic",46,1,4,4,0.5,0.06,0.674105661009884,0.674105661009884,0
"S3","dynamic",46,1,4,4,1,0.0466666666666667,0.674105661009884,0.674105661009884,0
"S3","dynamic",46,1,4,4,2,0.0466666666666667,0.674105661009884,0.674105661009884,0
"S3","dynamic",46,1,8,8,0,0.0333333333333333,0.674105661009884,0.674105661009884,0
"S3","dynamic",46,1,8,8,0.5,0.00666666666666667,0.674105661009884,0.674105661009884,0
"S3","dynamic",46,1,8,8,1,0.00666666666666667,0.674105661009884,0.674105661009884,0
"S3","dynamic",46,1,8,8,2,0.02,0.674105661009884,0.674105661009884,0
"S3","dynamic",46,1,12,12,0,0.0133333333333333,0.674105661009884,0.674105661009884,0
"S3","dynamic",46,1,12,12,0.5,0,0.674105661009884,0.674105661009884,0
"S3","dynamic",46,1,12,12,1,0.00666666666666667,0.674105661009884,0.674105661009884,0
"S3","dynamic",46,1,12,12,2,0.00666666666666667,0.674105661009884,0.674105661009884,0
"S3","dynamic",46,1,24,24,0,0,0.674105661009884,0.674105661009884,0
"S3","dynamic",46,1,24,24,0.5,0,0.674105661009884,0.674105661009884,0
"S3","dynamic",46,1,24,24,1,0,0.674105661009884,0.674105661009884,0
"S3","dynamic",46,1,24,24,2,0,0.674105661009884,0.674105661009884,0
"S3","dynamic",46,9,1,9,0,0.0533333333333333,0.984211527627551,0.689891824979972,0.821782444921334
"S3","dynamic",46,9,1,9,0.5,0,0.984211527627551,0.689891824979972,0.821782444921334
"S3","dynamic",46,9,1,9,1,0,0.984211527627551,0.689891824979972,0.821782444921334
"S3","dynamic",46,9,1,9,2,0,0.984211527627551,0.689891824979972,0.821782444921334
"S3","dynamic",46,9,2,18,0,0,0.984211527627551,0.689891824979972,0.821782444921334
"S3","dynamic",46,9,2,18,0.5,0,0.984211527627551,0.689891824979972,0.821782444921334
"S3","dynamic",46,9,2,18,1,0,0.984211527627551,0.689891824979972,0.821782444921334
"S3","dynamic",46,9,2,18,2,0,0.984211527627551,0.689891824979972,0.821782444921334
"S3","dynamic",46,9,4,36,0,0,0.984211527627551,0.689891824979972,0.821782444921334
"S3","dynamic",46,9,4,36,0.5,0,0.984211527627551,0.689891824979972,0.821782444921334
"S3","dynamic",46,9,4,36,1,0,0.984211527627551,0.689891824979972,0.821782444921334
"S3","dynamic",46,9,4,36,2,0,0.984211527627551,0.689891824979972,0.821782444921334
"S3","dynamic",46,9,8,72,0,0,0.984211527627551,0.689891824979972,0.821782444921334
"S3","dynamic",46,9,8,72,0.5,0,0.984211527627551,0.689891824979972,0.821782444921334
"S3","dynamic",46,9,8,72,1,0,0.984211527627551,0.689891824979972,0.821782444921334
"S3","dynamic",46,9,8,72,2,0,0.984211527627551,0.689891824979972,0.821782444921334
"S3","dynamic",46,9,12,108,0,0,0.984211527627551,0.689891824979972,0.821782444921334
"S3","dynamic",46,9,12,108,0.5,0,0.984211527627551,0.689891824979972,0.821782444921334
"S3","dynamic",46,9,12,108,1,0,0.984211527627551,0.689891824979972,0.821782444921334
"S3","dynamic",46,9,12,108,2,0,0.984211527627551,0.689891824979972,0.821782444921334
"S3","dynamic",46,9,24,216,0,0,0.984211527627551,0.689891824979972,0.821782444921334
"S3","dynamic",46,9,24,216,0.5,0,0.984211527627551,0.689891824979972,0.821782444921334
"S3","dynamic",46,9,24,216,1,0,0.984211527627551,0.689891824979972,0.821782444921334
"S3","dynamic",46,9,24,216,2,0,0.984211527627551,0.689891824979972,0.821782444921334
"S3","dynamic",47,1,1,1,0,0.366666666666667,0.558331433656052,0.558331433656052,0
"S3","dynamic",47,1,1,1,0.5,0.1,0.558331433656052,0.558331433656052,0
"S3","dynamic",47,1,1,1,1,0.0933333333333333,0.558331433656052,0.558331433656052,0
"S3","dynamic",47,1,1,1,2,0.1,0.558331433656052,0.558331433656052,0
"S3","dynamic",47,1,2,2,0,0.193333333333333,0.558331433656052,0.558331433656052,0
"S3","dynamic",47,1,2,2,0.5,0.0466666666666667,0.558331433656052,0.558331433656052,0
"S3","dynamic",47,1,2,2,1,0.0533333333333333,0.558331433656052,0.558331433656052,0
"S3","dynamic",47,1,2,2,2,0.0733333333333333,0.558331433656052,0.558331433656052,0
"S3","dynamic",47,1,4,4,0,0.08,0.558331433656052,0.558331433656052,0
"S3","dynamic",47,1,4,4,0.5,0.0333333333333333,0.558331433656052,0.558331433656052,0
"S3","dynamic",47,1,4,4,1,0.0266666666666667,0.558331433656052,0.558331433656052,0
"S3","dynamic",47,1,4,4,2,0.0466666666666667,0.558331433656052,0.558331433656052,0
"S3","dynamic",47,1,8,8,0,0.02,0.558331433656052,0.558331433656052,0
"S3","dynamic",47,1,8,8,0.5,0.0133333333333333,0.558331433656052,0.558331433656052,0
"S3","dynamic",47,1,8,8,1,0.0133333333333333,0.558331433656052,0.558331433656052,0
"S3","dynamic",47,1,8,8,2,0.02,0.558331433656052,0.558331433656052,0
"S3","dynamic",47,1,12,12,0,0,0.558331433656052,0.558331433656052,0
"S3","dynamic",47,1,12,12,0.5,0,0.558331433656052,0.558331433656052,0
"S3","dynamic",47,1,12,12,1,0,0.558331433656052,0.558331433656052,0
"S3","dynamic",47,1,12,12,2,0.00666666666666667,0.558331433656052,0.558331433656052,0
"S3","dynamic",47,1,24,24,0,0,0.558331433656052,0.558331433656052,0
"S3","dynamic",47,1,24,24,0.5,0,0.558331433656052,0.558331433656052,0
"S3","dynamic",47,1,24,24,1,0,0.558331433656052,0.558331433656052,0
"S3","dynamic",47,1,24,24,2,0,0.558331433656052,0.558331433656052,0
"S3","dynamic",47,9,1,9,0,0,0.932939235139844,0.618199146883862,0.813734888265934
"S3","dynamic",47,9,1,9,0.5,0,0.932939235139844,0.618199146883862,0.813734888265934
"S3","dynamic",47,9,1,9,1,0.00666666666666667,0.932939235139844,0.618199146883862,0.813734888265934
"S3","dynamic",47,9,1,9,2,0.02,0.932939235139844,0.618199146883862,0.813734888265934
"S3","dynamic",47,9,2,18,0,0,0.932939235139844,0.618199146883862,0.813734888265934
"S3","dynamic",47,9,2,18,0.5,0,0.932939235139844,0.618199146883862,0.813734888265934
"S3","dynamic",47,9,2,18,1,0,0.932939235139844,0.618199146883862,0.813734888265934
"S3","dynamic",47,9,2,18,2,0,0.932939235139844,0.618199146883862,0.813734888265934
"S3","dynamic",47,9,4,36,0,0,0.932939235139844,0.618199146883862,0.813734888265934
"S3","dynamic",47,9,4,36,0.5,0,0.932939235139844,0.618199146883862,0.813734888265934
"S3","dynamic",47,9,4,36,1,0,0.932939235139844,0.618199146883862,0.813734888265934
"S3","dynamic",47,9,4,36,2,0,0.932939235139844,0.618199146883862,0.813734888265934
"S3","dynamic",47,9,8,72,0,0,0.932939235139844,0.618199146883862,0.813734888265934
"S3","dynamic",47,9,8,72,0.5,0,0.932939235139844,0.618199146883862,0.813734888265934
"S3","dynamic",47,9,8,72,1,0,0.932939235139844,0.618199146883862,0.813734888265934
"S3","dynamic",47,9,8,72,2,0,0.932939235139844,0.618199146883862,0.813734888265934
"S3","dynamic",47,9,12,108,0,0,0.932939235139844,0.618199146883862,0.813734888265934
"S3","dynamic",47,9,12,108,0.5,0,0.932939235139844,0.618199146883862,0.813734888265934
"S3","dynamic",47,9,12,108,1,0,0.932939235139844,0.618199146883862,0.813734888265934
"S3","dynamic",47,9,12,108,2,0,0.932939235139844,0.618199146883862,0.813734888265934
"S3","dynamic",47,9,24,216,0,0,0.932939235139844,0.618199146883862,0.813734888265934
"S3","dynamic",47,9,24,216,0.5,0,0.932939235139844,0.618199146883862,0.813734888265934
"S3","dynamic",47,9,24,216,1,0,0.932939235139844,0.618199146883862,0.813734888265934
"S3","dynamic",47,9,24,216,2,0,0.932939235139844,0.618199146883862,0.813734888265934
"S3","dynamic",48,1,1,1,0,0.38,0.701772929502505,0.701772929502505,0
"S3","dynamic",48,1,1,1,0.5,0.08,0.701772929502505,0.701772929502505,0
"S3","dynamic",48,1,1,1,1,0.08,0.701772929502505,0.701772929502505,0
"S3","dynamic",48,1,1,1,2,0.0933333333333333,0.701772929502505,0.701772929502505,0
"S3","dynamic",48,1,2,2,0,0.253333333333333,0.701772929502505,0.701772929502505,0
"S3","dynamic",48,1,2,2,0.5,0.0333333333333333,0.701772929502505,0.701772929502505,0
"S3","dynamic",48,1,2,2,1,0.04,0.701772929502505,0.701772929502505,0
"S3","dynamic",48,1,2,2,2,0.0533333333333333,0.701772929502505,0.701772929502505,0
"S3","dynamic",48,1,4,4,0,0.106666666666667,0.701772929502505,0.701772929502505,0
"S3","dynamic",48,1,4,4,0.5,0.02,0.701772929502505,0.701772929502505,0
"S3","dynamic",48,1,4,4,1,0.02,0.701772929502505,0.701772929502505,0
"S3","dynamic",48,1,4,4,2,0.0266666666666667,0.701772929502505,0.701772929502505,0
"S3","dynamic",48,1,8,8,0,0.0133333333333333,0.701772929502505,0.701772929502505,0
"S3","dynamic",48,1,8,8,0.5,0.00666666666666667,0.701772929502505,0.701772929502505,0
"S3","dynamic",48,1,8,8,1,0.00666666666666667,0.701772929502505,0.701772929502505,0
"S3","dynamic",48,1,8,8,2,0.0133333333333333,0.701772929502505,0.701772929502505,0
"S3","dynamic",48,1,12,12,0,0.00666666666666667,0.701772929502505,0.701772929502505,0
"S3","dynamic",48,1,12,12,0.5,0.00666666666666667,0.701772929502505,0.701772929502505,0
"S3","dynamic",48,1,12,12,1,0.00666666666666667,0.701772929502505,0.701772929502505,0
"S3","dynamic",48,1,12,12,2,0.00666666666666667,0.701772929502505,0.701772929502505,0
"S3","dynamic",48,1,24,24,0,0,0.701772929502505,0.701772929502505,0
"S3","dynamic",48,1,24,24,0.5,0,0.701772929502505,0.701772929502505,0
"S3","dynamic",48,1,24,24,1,0,0.701772929502505,0.701772929502505,0
"S3","dynamic",48,1,24,24,2,0,0.701772929502505,0.701772929502505,0
"S3","dynamic",48,9,1,9,0,0.0266666666666667,0.797923906335761,0.582942619592691,0.837385673996785
"S3","dynamic",48,9,1,9,0.5,0,0.797923906335761,0.582942619592691,0.837385673996785
"S3","dynamic",48,9,1,9,1,0.00666666666666667,0.797923906335761,0.582942619592691,0.837385673996785
"S3","dynamic",48,9,1,9,2,0.0133333333333333,0.797923906335761,0.582942619592691,0.837385673996785
"S3","dynamic",48,9,2,18,0,0,0.797923906335761,0.582942619592691,0.837385673996785
"S3","dynamic",48,9,2,18,0.5,0,0.797923906335761,0.582942619592691,0.837385673996785
"S3","dynamic",48,9,2,18,1,0,0.797923906335761,0.582942619592691,0.837385673996785
"S3","dynamic",48,9,2,18,2,0,0.797923906335761,0.582942619592691,0.837385673996785
"S3","dynamic",48,9,4,36,0,0,0.797923906335761,0.582942619592691,0.837385673996785
"S3","dynamic",48,9,4,36,0.5,0,0.797923906335761,0.582942619592691,0.837385673996785
"S3","dynamic",48,9,4,36,1,0,0.797923906335761,0.582942619592691,0.837385673996785
"S3","dynamic",48,9,4,36,2,0,0.797923906335761,0.582942619592691,0.837385673996785
"S3","dynamic",48,9,8,72,0,0,0.797923906335761,0.582942619592691,0.837385673996785
"S3","dynamic",48,9,8,72,0.5,0,0.797923906335761,0.582942619592691,0.837385673996785
"S3","dynamic",48,9,8,72,1,0,0.797923906335761,0.582942619592691,0.837385673996785
"S3","dynamic",48,9,8,72,2,0,0.797923906335761,0.582942619592691,0.837385673996785
"S3","dynamic",48,9,12,108,0,0,0.797923906335761,0.582942619592691,0.837385673996785
"S3","dynamic",48,9,12,108,0.5,0,0.797923906335761,0.582942619592691,0.837385673996785
"S3","dynamic",48,9,12,108,1,0,0.797923906335761,0.582942619592691,0.837385673996785
"S3","dynamic",48,9,12,108,2,0,0.797923906335761,0.582942619592691,0.837385673996785
"S3","dynamic",48,9,24,216,0,0,0.797923906335761,0.582942619592691,0.837385673996785
"S3","dynamic",48,9,24,216,0.5,0,0.797923906335761,0.582942619592691,0.837385673996785
"S3","dynamic",48,9,24,216,1,0,0.797923906335761,0.582942619592691,0.837385673996785
"S3","dynamic",48,9,24,216,2,0,0.797923906335761,0.582942619592691,0.837385673996785
"S3","dynamic",49,1,1,1,0,0.466666666666667,0.574856559265646,0.574856559265646,0
"S3","dynamic",49,1,1,1,0.5,0.12,0.574856559265646,0.574856559265646,0
"S3","dynamic",49,1,1,1,1,0.106666666666667,0.574856559265646,0.574856559265646,0
"S3","dynamic",49,1,1,1,2,0.12,0.574856559265646,0.574856559265646,0
"S3","dynamic",49,1,2,2,0,0.366666666666667,0.574856559265646,0.574856559265646,0
"S3","dynamic",49,1,2,2,0.5,0.1,0.574856559265646,0.574856559265646,0
"S3","dynamic",49,1,2,2,1,0.0933333333333333,0.574856559265646,0.574856559265646,0
"S3","dynamic",49,1,2,2,2,0.1,0.574856559265646,0.574856559265646,0
"S3","dynamic",49,1,4,4,0,0.186666666666667,0.574856559265646,0.574856559265646,0
"S3","dynamic",49,1,4,4,0.5,0.0533333333333333,0.574856559265646,0.574856559265646,0
"S3","dynamic",49,1,4,4,1,0.0666666666666667,0.574856559265646,0.574856559265646,0
"S3","dynamic",49,1,4,4,2,0.0666666666666667,0.574856559265646,0.574856559265646,0
"S3","dynamic",49,1,8,8,0,0.0666666666666667,0.574856559265646,0.574856559265646,0
"S3","dynamic",49,1,8,8,0.5,0.0266666666666667,0.574856559265646,0.574856559265646,0
"S3","dynamic",49,1,8,8,1,0.0333333333333333,0.574856559265646,0.574856559265646,0
"S3","dynamic",49,1,8,8,2,0.04,0.574856559265646,0.574856559265646,0
"S3","dynamic",49,1,12,12,0,0.0466666666666667,0.574856559265646,0.574856559265646,0
"S3","dynamic",49,1,12,12,0.5,0.0133333333333333,0.574856559265646,0.574856559265646,0
"S3","dynamic",49,1,12,12,1,0.02,0.574856559265646,0.574856559265646,0
"S3","dynamic",49,1,12,12,2,0.0333333333333333,0.574856559265646,0.574856559265646,0
"S3","dynamic",49,1,24,24,0,0,0.574856559265646,0.574856559265646,0
"S3","dynamic",49,1,24,24,0.5,0,0.574856559265646,0.574856559265646,0
"S3","dynamic",49,1,24,24,1,0,0.574856559265646,0.574856559265646,0
"S3","dynamic",49,1,24,24,2,0,0.574856559265646,0.574856559265646,0
"S3","dynamic",49,9,1,9,0,0.0333333333333333,0.876076171703018,0.769482363105182,0.844354962938296
"S3","dynamic",49,9,1,9,0.5,0,0.876076171703018,0.769482363105182,0.844354962938296
"S3","dynamic",49,9,1,9,1,0,0.876076171703018,0.769482363105182,0.844354962938296
"S3","dynamic",49,9,1,9,2,0.00666666666666667,0.876076171703018,0.769482363105182,0.844354962938296
"S3","dynamic",49,9,2,18,0,0,0.876076171703018,0.769482363105182,0.844354962938296
"S3","dynamic",49,9,2,18,0.5,0,0.876076171703018,0.769482363105182,0.844354962938296
"S3","dynamic",49,9,2,18,1,0,0.876076171703018,0.769482363105182,0.844354962938296
"S3","dynamic",49,9,2,18,2,0,0.876076171703018,0.769482363105182,0.844354962938296
"S3","dynamic",49,9,4,36,0,0,0.876076171703018,0.769482363105182,0.844354962938296
"S3","dynamic",49,9,4,36,0.5,0,0.876076171703018,0.769482363105182,0.844354962938296
"S3","dynamic",49,9,4,36,1,0,0.876076171703018,0.769482363105182,0.844354962938296
"S3","dynamic",49,9,4,36,2,0,0.876076171703018,0.769482363105182,0.844354962938296
"S3","dynamic",49,9,8,72,0,0,0.876076171703018,0.769482363105182,0.844354962938296
"S3","dynamic",49,9,8,72,0.5,0,0.876076171703018,0.769482363105182,0.844354962938296
"S3","dynamic",49,9,8,72,1,0,0.876076171703018,0.769482363105182,0.844354962938296
"S3","dynamic",49,9,8,72,2,0,0.876076171703018,0.769482363105182,0.844354962938296
"S3","dynamic",49,9,12,108,0,0,0.876076171703018,0.769482363105182,0.844354962938296
"S3","dynamic",49,9,12,108,0.5,0,0.876076171703018,0.769482363105182,0.844354962938296
"S3","dynamic",49,9,12,108,1,0,0.876076171703018,0.769482363105182,0.844354962938296
"S3","dynamic",49,9,12,108,2,0,0.876076171703018,0.769482363105182,0.844354962938296
"S3","dynamic",49,9,24,216,0,0,0.876076171703018,0.769482363105182,0.844354962938296
"S3","dynamic",49,9,24,216,0.5,0,0.876076171703018,0.769482363105182,0.844354962938296
"S3","dynamic",49,9,24,216,1,0,0.876076171703018,0.769482363105182,0.844354962938296
"S3","dynamic",49,9,24,216,2,0,0.876076171703018,0.769482363105182,0.844354962938296
"S3","dynamic",50,1,1,1,0,0.373333333333333,0.735952639229314,0.735952639229314,0
"S3","dynamic",50,1,1,1,0.5,0.06,0.735952639229314,0.735952639229314,0
"S3","dynamic",50,1,1,1,1,0.0533333333333333,0.735952639229314,0.735952639229314,0
"S3","dynamic",50,1,1,1,2,0.0666666666666667,0.735952639229314,0.735952639229314,0
"S3","dynamic",50,1,2,2,0,0.26,0.735952639229314,0.735952639229314,0
"S3","dynamic",50,1,2,2,0.5,0.04,0.735952639229314,0.735952639229314,0
"S3","dynamic",50,1,2,2,1,0.0333333333333333,0.735952639229314,0.735952639229314,0
"S3","dynamic",50,1,2,2,2,0.0466666666666667,0.735952639229314,0.735952639229314,0
"S3","dynamic",50,1,4,4,0,0.146666666666667,0.735952639229314,0.735952639229314,0
"S3","dynamic",50,1,4,4,0.5,0.0333333333333333,0.735952639229314,0.735952639229314,0
"S3","dynamic",50,1,4,4,1,0.02,0.735952639229314,0.735952639229314,0
"S3","dynamic",50,1,4,4,2,0.0333333333333333,0.735952639229314,0.735952639229314,0
"S3","dynamic",50,1,8,8,0,0.0666666666666667,0.735952639229314,0.735952639229314,0
"S3","dynamic",50,1,8,8,0.5,0,0.735952639229314,0.735952639229314,0
"S3","dynamic",50,1,8,8,1,0,0.735952639229314,0.735952639229314,0
"S3","dynamic",50,1,8,8,2,0.00666666666666667,0.735952639229314,0.735952639229314,0
"S3","dynamic",50,1,12,12,0,0.0266666666666667,0.735952639229314,0.735952639229314,0
"S3","dynamic",50,1,12,12,0.5,0,0.735952639229314,0.735952639229314,0
"S3","dynamic",50,1,12,12,1,0,0.735952639229314,0.735952639229314,0
"S3","dynamic",50,1,12,12,2,0,0.735952639229314,0.735952639229314,0
"S3","dynamic",50,1,24,24,0,0,0.735952639229314,0.735952639229314,0
"S3","dynamic",50,1,24,24,0.5,0,0.735952639229314,0.735952639229314,0
"S3","dynamic",50,1,24,24,1,0,0.735952639229314,0.735952639229314,0
"S3","dynamic",50,1,24,24,2,0,0.735952639229314,0.735952639229314,0
"S3","dynamic",50,9,1,9,0,0.0333333333333333,12.0142870457217,0.596938823626402,0.815954735593625
"S3","dynamic",50,9,1,9,0.5,0.00666666666666667,12.0142870457217,0.596938823626402,0.815954735593625
"S3","dynamic",50,9,1,9,1,0.0133333333333333,12.0142870457217,0.596938823626402,0.815954735593625
"S3","dynamic",50,9,1,9,2,0.0333333333333333,12.0142870457217,0.596938823626402,0.815954735593625
"S3","dynamic",50,9,2,18,0,0,12.0142870457217,0.596938823626402,0.815954735593625
"S3","dynamic",50,9,2,18,0.5,0,12.0142870457217,0.596938823626402,0.815954735593625
"S3","dynamic",50,9,2,18,1,0,12.0142870457217,0.596938823626402,0.815954735593625
"S3","dynamic",50,9,2,18,2,0,12.0142870457217,0.596938823626402,0.815954735593625
"S3","dynamic",50,9,4,36,0,0,12.0142870457217,0.596938823626402,0.815954735593625
"S3","dynamic",50,9,4,36,0.5,0,12.0142870457217,0.596938823626402,0.815954735593625
"S3","dynamic",50,9,4,36,1,0,12.0142870457217,0.596938823626402,0.815954735593625
"S3","dynamic",50,9,4,36,2,0,12.0142870457217,0.596938823626402,0.815954735593625
"S3","dynamic",50,9,8,72,0,0,12.0142870457217,0.596938823626402,0.815954735593625
"S3","dynamic",50,9,8,72,0.5,0,12.0142870457217,0.596938823626402,0.815954735593625
"S3","dynamic",50,9,8,72,1,0,12.0142870457217,0.596938823626402,0.815954735593625
"S3","dynamic",50,9,8,72,2,0,12.0142870457217,0.596938823626402,0.815954735593625
"S3","dynamic",50,9,12,108,0,0,12.0142870457217,0.596938823626402,0.815954735593625
"S3","dynamic",50,9,12,108,0.5,0,12.0142870457217,0.596938823626402,0.815954735593625
"S3","dynamic",50,9,12,108,1,0,12.0142870457217,0.596938823626402,0.815954735593625
"S3","dynamic",50,9,12,108,2,0,12.0142870457217,0.596938823626402,0.815954735593625
"S3","dynamic",50,9,24,216,0,0,12.0142870457217,0.596938823626402,0.815954735593625
"S3","dynamic",50,9,24,216,0.5,0,12.0142870457217,0.596938823626402,0.815954735593625
"S3","dynamic",50,9,24,216,1,0,12.0142870457217,0.596938823626402,0.815954735593625
"S3","dynamic",50,9,24,216,2,0,12.0142870457217,0.596938823626402,0.815954735593625
